{"mode":"meta","bench":"viet-ime-4way","action":"encoder-dump","corpus":"tests/data/viet74k.txt","rounds":5,"keys":200000,"words":3000,"seed":20260907,"t0_unix":1788785477}
telex-end	a	a
telex-end	A	^a
telex-end	a-ba-giua	a-ba-giua
telex-end	a-ba-toa	a-ba-toa
telex-end	a-dong	a-dong
telex-end	a-dốt	a-doots
telex-end	a-đa	a-dda
telex-end	A-đam	^a-ddam
telex-end	A-đi-xơn	^a-ddi-xown
telex-end	a-đrê-na-lin	a-ddree-na-lin
telex-end	a-ga	a-ga
telex-end	a-giăng	a-giawng
telex-end	a-giăng-đa	a-giawng-dda
telex-end	a-gon	a-gon
telex-end	A-la	^a-la
telex-end	A-la-hán	^a-la-hans
telex-end	a-la-mốt	a-la-moots
telex-end	a-la-văng	a-la-vawng
telex-end	a-léc	a-lecs
telex-end	a-len	a-len
telex-end	a-lê	a-lee
telex-end	a-lô	a-loo
telex-end	a-lu-min	a-lu-min
telex-end	a-ma-tơ	a-ma-tow
telex-end	a-mam	a-mam
telex-end	a-măng	a-mawng
telex-end	a-me-ri-xi	a-me-ri-xi
telex-end	a-men	a-men
telex-end	a-mi	a-mi
telex-end	a-mi-ăng	a-mi-awng
telex-end	a-mi-đan	a-mi-ddan
telex-end	a-min	a-min
telex-end	a-míp	a-mips
telex-end	a-mô-ni-ác	a-moo-ni-acs
telex-end	a-mô-ni-ắc	a-moo-ni-awcs
telex-end	a-nan-gin	a-nan-gin
telex-end	a-ni-lin	a-ni-lin
telex-end	a-ni-ôn	a-ni-oon
telex-end	a-ni-ông	a-ni-oong
telex-end	a-nô-phen	a-noo-phen
telex-end	a-nốt	a-noots
telex-end	a-pa-tít	a-pa-tits
telex-end	a-pác-thai	a-pacs-thai
telex-end	a-pê-ri-típ	a-pee-ri-tips
telex-end	a-sen	a-sen
telex-end	a-spi-rin	a-spi-rin
telex-end	a-ta-tin	a-ta-tin
telex-end	a-ti-sô	a-ti-soo
telex-end	a-tlát	a-tlats
telex-end	a-tÒrô-pin	a-t^oroof-pin
telex-end	a-trô-pin	a-troo-pin
telex-end	a-tu-la	a-tu-la
telex-end	a-tua-đờ-rôn	a-tua-ddowf-roon
telex-end	a-văng	a-vawng
telex-end	a-văng-ta	a-vawng-ta
telex-end	a-văng-xê	a-vawng-xee
telex-end	a-vi	a-vi
telex-end	a-vô-ca	a-voo-ca
telex-end	a-xen	a-xen
telex-end	a-xê-ti-len	a-xee-ti-len
telex-end	a-xê-ton	a-xee-ton
telex-end	a-xê-tôn	a-xee-toon
telex-end	a-xit	a-xit
telex-end	a-xít	a-xits
telex-end	a-xphan	a-xphan
telex-end	a-xpi-rin	a-xpi-rin
telex-end	a-zốt	a-zoots
telex-end	à	af
telex-end	ả	ar
telex-end	á	as
telex-end	ạ	aj
telex-end	abc	abc
telex-end	ABC	^a^b^c
telex-end	ác	acs
telex-end	ác-bít	acs-bits
telex-end	ác-coóc	acs-coocs
telex-end	ác-coóc-đê-ông	acs-coocs-ddee-oong
telex-end	ác-mô-ni-ca	acs-moo-ni-ca
telex-end	ác-quy	acs-quy
telex-end	ác-ten	acs-ten
telex-end	ác-ti-sô	acs-ti-soo
telex-end	accordeon	accordeon
telex-end	aceton	aceton
telex-end	acetylen	acetylen
telex-end	ách	achs
telex-end	ạch	achj
telex-end	acid	acid
telex-end	acmonica	acmonica
telex-end	acquy	acquy
telex-end	acre	acre
telex-end	ADN	^a^d^n
telex-end	adrenalin	adrenalin
telex-end	afghani	afghani
telex-end	Ag	^ag
telex-end	ai	ai
telex-end	ải	air
telex-end	ái	ais
telex-end	AIDS	^a^i^d^s
telex-end	AK	^a^k
telex-end	Al	^al
telex-end	album	album
telex-end	albumin	albumin
telex-end	alcaloid	alcaloid
telex-end	aldehyd	aldehyd
telex-end	ALGOL	^a^l^g^o^l
telex-end	algorithm	algorithm
telex-end	almanac	almanac
telex-end	alô	aloo
telex-end	alpha	alpha
telex-end	alphabet	alphabet
telex-end	alumin	alumin
telex-end	am	am
telex-end	AM	^a^m
telex-end	am-mô-ni-ắc	am-moo-ni-awcs
telex-end	am-pe	am-pe
telex-end	am-pli	am-pli
telex-end	am-pun	am-pun
telex-end	ám	ams
telex-end	amatơ	amatow
telex-end	amen	amen
telex-end	amian	amian
telex-end	amib	amib
telex-end	amiđan	amiddan
telex-end	aminoacid	aminoacid
telex-end	amip	amip
telex-end	ammoniac	ammoniac
telex-end	ampe	ampe
telex-end	ampere	ampere
telex-end	ampli	ampli
telex-end	amygdal	amygdal
telex-end	an	an
telex-end	an-bom	an-bom
telex-end	an-bu-min	an-bu-min
telex-end	an-ca-lo-ít	an-ca-lo-its
telex-end	an-ca-lô-ít	an-ca-loo-its
telex-end	an-côn	an-coon
telex-end	an-đe-hít	an-dde-hits
telex-end	an-đê-hít	an-ddee-hits
telex-end	an-gin	an-gin
telex-end	an-go-rít	an-go-rits
telex-end	an-gô-rít	an-goo-rits
telex-end	an-két	an-kets
telex-end	an-ma-nác	an-ma-nacs
telex-end	an-pha	an-pha
telex-end	an-pha-bê	an-pha-bee
telex-end	an-te	an-te
telex-end	an-ten	an-ten
telex-end	an-ti-mon	an-ti-mon
telex-end	an-ti-pi-rin	an-ti-pi-rin
telex-end	an-tÒra-xít	an-t^oraf-xits
telex-end	an-tô	an-too
telex-end	an-tơ-ra-xít	an-tow-ra-xits
telex-end	an-tra-xít	an-tra-xits
telex-end	án	ans
telex-end	anbom	anbom
telex-end	anbum	anbum
telex-end	anbumin	anbumin
telex-end	ancaloit	ancaloit
telex-end	anđehit	anddehit
telex-end	ang	ang
telex-end	ảng	angr
telex-end	áng	angs
telex-end	angorit	angorit
telex-end	anh	anh
telex-end	anh-te	anh-te
telex-end	anh-te-phôn	anh-te-phoon
telex-end	anh-te-ruýp-tơ	anh-te-ruyps-tow
telex-end	ảnh	anhr
telex-end	ánh	anhs
telex-end	anmanac	anmanac
telex-end	anod	anod
telex-end	anofen	anofen
telex-end	anot	anot
telex-end	anpha	anpha
telex-end	anten	anten
telex-end	anthracit	anthracit
telex-end	antimon	antimon
telex-end	antipirin	antipirin
telex-end	antraxit	antraxit
telex-end	ANZUS	^a^n^z^u^s
telex-end	ao	ao
telex-end	ao-xơ	ao-xow
telex-end	ào	aof
telex-end	ảo	aor
telex-end	áo	aos
telex-end	áp	aps
telex-end	áp-ga-ni	aps-ga-ni
telex-end	áp-phe	aps-phe
telex-end	áp-phích	aps-phichs
telex-end	áp-xe	aps-xe
telex-end	apacthai	apacthai
telex-end	apatit	apatit
telex-end	apphe	apphe
telex-end	apphich	apphich
telex-end	apxe	apxe
telex-end	Ar	^ar
telex-end	armonica	armonica
telex-end	arsenic	arsenic
telex-end	As	^as
telex-end	ASEAN	^a^s^e^a^n
telex-end	asen	asen
telex-end	asphalt	asphalt
telex-end	aspirin	aspirin
telex-end	át	ats
telex-end	át-lát	ats-lats
telex-end	át-mốt-phe	ats-moots-phe
telex-end	át-phan	ats-phan
telex-end	át-pi-rin	ats-pi-rin
telex-end	át-xít	ats-xits
telex-end	ATK	^a^t^k
telex-end	atlas	atlas
telex-end	atmosphe	atmosphe
telex-end	atropin	atropin
telex-end	au	au
telex-end	Au	^au
telex-end	au-xơ	au-xow
telex-end	automat	automat
telex-end	axetilen	axetilen
telex-end	axeton	axeton
telex-end	axit	axit
telex-end	áy	ays
telex-end	Ayun	^ayun
telex-end	azot	azot
telex-end	ă	aw
telex-end	ắc	awcs
telex-end	ắc-coóc	awcs-coocs
telex-end	ắc-coóc-đê-ông	awcs-coocs-ddee-oong
telex-end	ắc-ê	awcs-ee
telex-end	ắc-qui	awcs-qui
telex-end	ắc-quy	awcs-quy
telex-end	ắc	awcs
telex-end	ắc-xi-đăng	awcs-xi-ddawng
telex-end	ặc	awcj
telex-end	ăccoóc	awccoocs
telex-end	ăccoócđêông	awccoocddeeoongs
telex-end	ăcquy	awcquy
telex-end	ăm-bờ-ra-da	awm-bowf-ra-da
telex-end	ăm-pe	awm-pe
telex-end	ăm-pun	awm-pun
telex-end	ẵm	awmx
telex-end	ăn	awn
telex-end	ăng-ga	awng-ga
telex-end	ăng-ten	awng-ten
telex-end	ăng-ti-gôn	awng-ti-goon
telex-end	ăng-ti-moan	awng-ti-moan
telex-end	ăng-tơ-ra-xit	awng-tow-ra-xit
telex-end	ẳng	awngr
telex-end	ắng	awngs
telex-end	ăngten	awngten
telex-end	ắp	awps
telex-end	ặp	awpj
telex-end	ắt	awts
telex-end	â	aa
telex-end	ậc	aacj
telex-end	âm	aam
telex-end	ầm	aamf
telex-end	ẩm	aamr
telex-end	ấm	aams
telex-end	ân	aan
telex-end	ẩn	aanr
telex-end	ấn	aans
telex-end	ầng	aangf
telex-end	ấp	aaps
telex-end	ập	aapj
telex-end	ất	aats
telex-end	âu	aau
telex-end	Âu-tây	^aau-taay
telex-end	ẩu	aaur
telex-end	ấu	aaus
telex-end	ậu	aauj
telex-end	ầy	aayf
telex-end	ẩy	aayr
telex-end	ấy	aays
telex-end	b	b
telex-end	B	^b
telex-end	ba	ba
telex-end	Ba	^ba
telex-end	ba-dan	ba-dan
telex-end	ba-dô-ca	ba-doo-ca
telex-end	ba-dơ	ba-dow
telex-end	ba-đờ-xuy	ba-ddowf-xuy
telex-end	ba-ga	ba-ga
telex-end	Ba-hi	^ba-hi
telex-end	ba-ke-lit	ba-ke-lit
telex-end	ba-ke-lít	ba-ke-lits
telex-end	ba-lát	ba-lats
telex-end	ba-lê	ba-lee
telex-end	ba-lô	ba-loo
telex-end	ba-lông	ba-loong
telex-end	ba-ren	ba-ren
telex-end	ba-ri	ba-ri
telex-end	ba-ri-e	ba-ri-e
telex-end	ba-ta	ba-ta
telex-end	ba-tanh	ba-tanh
telex-end	ba-tăng	ba-tawng
telex-end	ba-tê	ba-tee
telex-end	ba-tê-sô	ba-tee-soo
telex-end	ba-ti-nê	ba-ti-nee
telex-end	ba-toong	ba-toong
telex-end	ba-tui	ba-tui
telex-end	ba-za	ba-za
telex-end	ba-zan	ba-zan
telex-end	ba-zơ	ba-zow
telex-end	bà	baf
telex-end	bà-la-môn	baf-la-moon
telex-end	bả	bar
telex-end	bã	bax
telex-end	bá	bas
telex-end	bạ	baj
telex-end	bác	bacs
telex-end	bạc	bacj
telex-end	bách	bachs
telex-end	bạch	bachj
telex-end	badôca	badooca
telex-end	baht	baht
telex-end	bai	bai
telex-end	bai-t	bai-t
telex-end	bài	baif
telex-end	bải	bair
telex-end	bãi	baix
telex-end	bái	bais
telex-end	bại	baij
telex-end	bakelit	bakelit
telex-end	balat	balat
telex-end	balboa	balboa
telex-end	balê	balee
telex-end	ballad	ballad
telex-end	ballast	ballast
telex-end	balô	baloo
telex-end	balông	baloong
telex-end	bám	bams
telex-end	bạm	bamj
telex-end	ban	ban
telex-end	ban-công	ban-coong
telex-end	ban-giô	ban-gioo
telex-end	ban-me	ban-me
telex-end	bàn	banf
telex-end	bản	banr
telex-end	bán	bans
telex-end	bạn	banj
telex-end	bancông	bancoong
telex-end	bang	bang
telex-end	bàng	bangf
telex-end	bảng	bangr
telex-end	báng	bangs
telex-end	banh	banh
telex-end	bành	banhf
telex-end	bành-tô	banhf-too
telex-end	bảnh	banhr
telex-end	bánh	banhs
telex-end	bạnh	banhj
telex-end	banjo	banjo
telex-end	bao	bao
telex-end	bào	baof
telex-end	bảo	baor
telex-end	bão	baox
telex-end	báo	baos
telex-end	bạo	baoj
telex-end	bar	bar
telex-end	barem	barem
telex-end	baren	baren
telex-end	barie	barie
telex-end	barrel	barrel
telex-end	basalt	basalt
telex-end	base	base
telex-end	BASIC	^b^a^s^i^c
telex-end	basoi	basoi
telex-end	bát	bats
telex-end	bát-két	bats-kets
telex-end	bát-kết	bats-keets
telex-end	bạt	batj
telex-end	bata	bata
telex-end	batê	batee
telex-end	batinê	batinee
telex-end	batket	batket
telex-end	batoong	batoong
telex-end	batrui	batrui
telex-end	bàu	bauf
telex-end	báu	baus
telex-end	bay	bay
telex-end	bay-on-nét	bay-on-nets
telex-end	bày	bayf
telex-end	bảy	bayr
telex-end	bazan	bazan
telex-end	bazooka	bazooka
telex-end	bazơ	bazow
telex-end	bắc	bawcs
telex-end	băm	bawm
telex-end	bằm	bawmf
telex-end	bặm	bawmj
telex-end	bẳn	bawnr
telex-end	bắn	bawns
telex-end	băng	bawng
telex-end	băng-ca	bawng-ca
telex-end	băng-giô	bawng-gioo
telex-end	băng-rôn	bawng-roon
telex-end	băng-túp	bawng-tups
telex-end	bằng	bawngf
telex-end	bẵng	bawngx
telex-end	băngca	bawngca
telex-end	bắp	bawps
telex-end	bặp	bawpj
telex-end	bắt	bawts
telex-end	bắt-tê	bawts-tee
telex-end	bặt	bawtj
telex-end	bấc	baacs
telex-end	bậc	baacj
telex-end	bầm	baamf
telex-end	bẩm	baamr
telex-end	bẫm	baamx
telex-end	bấm	baams
telex-end	bậm	baamj
telex-end	bần	baanf
telex-end	bẩn	baanr
telex-end	bấn	baans
telex-end	bận	baanj
telex-end	bầng	baangf
telex-end	bấng	baangs
telex-end	bậng	baangj
telex-end	bập	baapj
telex-end	bất	baats
telex-end	bật	baatj
telex-end	bâu	baau
telex-end	bầu	baauf
telex-end	bấu	baaus
telex-end	bậu	baauj
telex-end	bây	baay
telex-end	bầy	baayf
telex-end	bẩy	baayr
telex-end	bẫy	baayx
telex-end	bấy	baays
telex-end	bậy	baayj
telex-end	BBC	^b^b^c
telex-end	BCH	^b^c^h
telex-end	BCT	^b^c^t
telex-end	be	be
telex-end	be-ri-li	be-ri-li
telex-end	bè	bef
telex-end	bẻ	ber
telex-end	bẽ	bex
telex-end	bé	bes
telex-end	bẹ	bej
telex-end	béc-giê	becs-giee
telex-end	becgiê	becgiee
telex-end	bem	bem
telex-end	bẻm	bemr
telex-end	ben	ben
telex-end	ben-den	ben-den
telex-end	ben-tô-nít	ben-too-nits
telex-end	ben-zen	ben-zen
telex-end	bèn	benf
telex-end	bẽn	benx
telex-end	bén	bens
telex-end	bẹn	benj
telex-end	beng	beng
telex-end	béng	bengs
telex-end	benzen	benzen
telex-end	beo	beo
telex-end	bèo	beof
telex-end	bẻo	beor
telex-end	béo	beos
telex-end	bẹo	beoj
telex-end	bép	beps
telex-end	bẹp	bepj
telex-end	bét	bets
telex-end	bẹt	betj
telex-end	beta	beta
telex-end	bê	bee
telex-end	bê-rê	bee-ree
telex-end	bê-ta	bee-ta
telex-end	bê-tông	bee-toong
telex-end	bề	beef
telex-end	bể	beer
telex-end	bễ	beex
telex-end	bế	bees
telex-end	bệ	beej
telex-end	bệch	beechj
telex-end	bên	been
telex-end	bền	beenf
telex-end	bển	beenr
telex-end	bến	beens
telex-end	bện	beenj
telex-end	bênh	beenh
telex-end	bềnh	beenhf
telex-end	bệnh	beenhj
telex-end	bếp	beeps
telex-end	bêrê	beeree
telex-end	bết	beets
telex-end	bệt	beetj
telex-end	bêta	beeta
telex-end	bêtông	beetoong
telex-end	bêu	beeu
telex-end	bệu	beeuj
telex-end	Bhallê	^bhallee
telex-end	bi	bi
telex-end	Bi	^bi
telex-end	bi-a	bi-a
telex-end	bi-ăng-tin	bi-awng-tin
telex-end	bi-da	bi-da
telex-end	bi-da-ma	bi-da-ma
telex-end	bi-dăng-tin	bi-dawng-tin
telex-end	bi-đông	bi-ddoong
telex-end	bi-ki-ni	bi-ki-ni
telex-end	bi-tum	bi-tum
telex-end	bì	bif
telex-end	bỉ	bir
telex-end	bĩ	bix
telex-end	bí	bis
telex-end	bị	bij
telex-end	bia	bia
telex-end	bìa	biaf
telex-end	bịa	biaj
telex-end	bích	bichs
telex-end	bích-cốt	bichs-coots
telex-end	bích-qui	bichs-qui
telex-end	bích-quy	bichs-quy
telex-end	bích-toong	bichs-toong
telex-end	bịch	bichj
telex-end	bichcôt	bichcoot
telex-end	bichquy	bichquy
telex-end	bida	bida
telex-end	biđông	biddoong
telex-end	biếc	bieecs
telex-end	biếm	bieems
telex-end	biên	bieen
telex-end	biền	bieenf
telex-end	biển	bieenr
telex-end	biến	bieens
telex-end	biện	bieenj
telex-end	biếng	bieengs
telex-end	Biêt	^bieet
telex-end	biết	bieets
telex-end	biệt	bieetj
telex-end	biểu	bieeur
telex-end	biếu	bieeus
telex-end	Bih	^bih
telex-end	bìm	bimf
telex-end	bỉm	bimr
telex-end	bím	bims
telex-end	bin	bin
telex-end	bin-đinh	bin-ddinh
telex-end	bín	bins
telex-end	bịn	binj
telex-end	binđinh	binddinh
telex-end	binh	binh
telex-end	bình	binhf
telex-end	bình-toong	binhf-toong
telex-end	bĩnh	binhx
telex-end	bính	binhs
telex-end	bịnh	binhj
telex-end	bíp	bips
telex-end	bíp-tết	bips-teets
telex-end	bịp	bipj
telex-end	biptêt	bipteet
telex-end	birr	birr
telex-end	bis	bis
telex-end	bismut	bismut
telex-end	bít	bits
telex-end	bít-cốt	bits-coots
telex-end	bít-mút	bits-muts
telex-end	bít-quy	bits-quy
telex-end	bít-tết	bits-teets
telex-end	bít-tông	bits-toong
telex-end	bịt	bitj
telex-end	bitcôt	bitcoot
telex-end	bitum	bitum
telex-end	bìu	biuf
telex-end	bĩu	biux
telex-end	bíu	bius
telex-end	bịu	biuj
telex-end	bloc	bloc
telex-end	Blô	^bloo
telex-end	blốc	bloocs
telex-end	blu	blu
telex-end	blu-dông	blu-doong
telex-end	bo	bo
telex-end	Bo	^bo
telex-end	bo-nê	bo-nee
telex-end	bò	bof
telex-end	bỏ	bor
telex-end	bõ	box
telex-end	bó	bos
telex-end	bọ	boj
telex-end	boa	boa
telex-end	bobin	bobin
telex-end	bóc	bocs
telex-end	bọc	bocj
telex-end	bòi	boif
telex-end	bỏi	boir
telex-end	bói	bois
telex-end	bolivar	bolivar
telex-end	boliviano	boliviano
telex-end	bom	bom
telex-end	bom-bê	bom-bee
telex-end	bòm	bomf
telex-end	bõm	bomx
telex-end	bombê	bombee
telex-end	bon	bon
telex-end	bon-nê	bon-nee
telex-end	bon-sê-vích	bon-see-vichs
telex-end	bòn	bonf
telex-end	bón	bons
telex-end	bọn	bonj
telex-end	bong	bong
telex-end	bòng	bongf
telex-end	bỏng	bongr
telex-end	bóng	bongs
telex-end	bọng	bongj
telex-end	bonsevich	bonsevich
telex-end	boóc-đô	boocs-ddoo
telex-end	boóc-tê	boocs-tee
telex-end	boong	boong
telex-end	boong-ke	boong-ke
telex-end	boóng	boongs
telex-end	boongke	boongke
telex-end	bóp	bops
telex-end	bọp	bopj
telex-end	bót	bots
telex-end	bọt	botj
telex-end	box	box
telex-end	bô	boo
telex-end	bô-bin	boo-bin
telex-end	bô-đê	boo-ddee
telex-end	bô-xít	boo-xits
telex-end	bồ	boof
telex-end	bồ-tạt	boof-tatj
telex-end	bổ	boor
telex-end	bố	boos
telex-end	bộ	booj
telex-end	bôbin	boobin
telex-end	bốc	boocs
telex-end	bốc-can	boocs-can
telex-end	bốc-xít	boocs-xits
telex-end	bốc-xơ	boocs-xow
telex-end	bôđê	booddee
telex-end	bôi	booi
telex-end	bồi	booif
telex-end	bổi	booir
telex-end	bối	boois
telex-end	bội	booij
telex-end	bôm	boom
telex-end	bôm-bay	boom-bay
telex-end	bồm	boomf
telex-end	bôn	boon
telex-end	bôn-sê-vích	boon-see-vichs
telex-end	bồn	boonf
telex-end	bổn	boonr
telex-end	bốn	boons
telex-end	bộn	boonj
telex-end	bông	boong
telex-end	bông-bay	boong-bay
telex-end	bông-xoa	boong-xoa
telex-end	bồng	boongf
telex-end	bổng	boongr
telex-end	bỗng	boongx
telex-end	bống	boongs
telex-end	bộng	boongj
telex-end	bônsêvich	boonseevich
telex-end	bốp	boops
telex-end	bộp	boopj
telex-end	bốt	boots
telex-end	bốt-can	boots-can
telex-end	bốt-sét	boots-sets
telex-end	bốt-tin	boots-tin
telex-end	bột	bootj
telex-end	bơ	bow
telex-end	bơ-lu-dông	bow-lu-doong
telex-end	Bơ-mấm	^bow-maams
telex-end	Bơ-noong	^bow-noong
telex-end	bơ-rơ-vê	bow-row-vee
telex-end	bờ	bowf
telex-end	bờ-lăng-tông	bowf-lawng-toong
telex-end	bờ-lu	bowf-lu
telex-end	bờ-lu-dông	bowf-lu-doong
telex-end	bờ-rát-xa	bowf-rats-xa
telex-end	bở	bowr
telex-end	bớ	bows
telex-end	bợ	bowj
telex-end	bơi	bowi
telex-end	bời	bowif
telex-end	bởi	bowir
telex-end	bới	bowis
telex-end	bơm	bowm
telex-end	bờm	bowmf
telex-end	bợm	bowmj
telex-end	bơn	bown
telex-end	bỡn	bownx
telex-end	bớn	bowns
telex-end	bợn	bownj
telex-end	bớp	bowps
telex-end	bợp	bowpj
telex-end	bớt	bowts
telex-end	bợt	bowtj
telex-end	Br	^br
telex-end	Braian	^braian
telex-end	Brao	^brao
telex-end	Brâu	^braau
telex-end	bro-mua	bro-mua
telex-end	brom	brom
telex-end	brôm	broom
telex-end	Bru	^bru
telex-end	BS	^b^s
telex-end	bu	bu
telex-end	Bu-Đâng	^bu-^ddaang
telex-end	bu-gi	bu-gi
telex-end	bu-lông	bu-loong
telex-end	bù	buf
telex-end	bù-ét	buf-ets
telex-end	bù-loong	buf-loong
telex-end	bủ	bur
telex-end	bú	bus
telex-end	bụ	buj
telex-end	bua	bua
telex-end	bùa	buaf
telex-end	bủa	buar
telex-end	búa	buas
telex-end	bục	bucj
telex-end	bugi	bugi
telex-end	bui	bui
telex-end	bùi	buif
telex-end	búi	buis
telex-end	bụi	buij
telex-end	buji	buji
telex-end	bulông	buloong
telex-end	bùm	bumf
telex-end	bủm	bumr
telex-end	bụm	bumj
telex-end	bùn	bunf
telex-end	bủn	bunr
telex-end	bún	buns
telex-end	bung	bung
telex-end	bùng	bungf
telex-end	bủng	bungr
telex-end	búng	bungs
telex-end	bụng	bungj
telex-end	bunke	bunke
telex-end	bunker	bunker
telex-end	buộc	buoocj
telex-end	buồi	buooif
telex-end	buổi	buooir
telex-end	buồm	buoomf
telex-end	buôn	buoon
telex-end	buồn	buoonf
telex-end	buông	buoong
telex-end	buồng	buoongf
telex-end	buốt	buoots
telex-end	buột	buootj
telex-end	búp	bups
telex-end	búp-bê	bups-bee
telex-end	búp-phê	bups-phee
telex-end	bụp	bupj
telex-end	bupbê	bupbee
telex-end	bupphê	bupphee
telex-end	bút	buts
telex-end	bụt	butj
telex-end	buy-rô	buy-roo
telex-end	buy-vét	buy-vets
telex-end	buýp-phê	buyps-phee
telex-end	buýt	buyts
telex-end	bứ	buws
telex-end	bự	buwj
telex-end	bưa	buwa
telex-end	bừa	buwaf
telex-end	bửa	buwar
telex-end	bữa	buwax
telex-end	bứa	buwas
telex-end	bựa	buwaj
telex-end	bức	buwcs
telex-end	bực	buwcj
telex-end	bưng	buwng
telex-end	bừng	buwngf
telex-end	bửng	buwngr
telex-end	bứng	buwngs
telex-end	bựng	buwngj
telex-end	bước	buwowcs
telex-end	bươi	buwowi
telex-end	bưởi	buwowir
telex-end	Bưởi	^buwowir
telex-end	bươm	buwowm
telex-end	bướm	buwowms
telex-end	bươn	buwown
telex-end	bương	buwowng
telex-end	bướng	buwowngs
telex-end	bướp	buwowps
telex-end	bươu	buwowu
telex-end	bướu	buwowus
telex-end	bứt	buwts
telex-end	bựt	buwtj
telex-end	byte	byte
telex-end	c	c
telex-end	C	^c
telex-end	ca	ca
telex-end	Ca	^ca
telex-end	CA	^c^a
telex-end	ca-bi-nê	ca-bi-nee
telex-end	ca-bin	ca-bin
telex-end	ca-cao	ca-cao
telex-end	Ca-chiu-sa	^ca-chiu-sa
telex-end	Ca-dong	^ca-dong
telex-end	ca-đi-mi	ca-ddi-mi
telex-end	ca-đô	ca-ddoo
telex-end	ca-ki	ca-ki
telex-end	ca-la-thầu	ca-la-thaauf
telex-end	ca-li	ca-li
telex-end	ca-li-cô	ca-li-coo
telex-end	ca-li-fo-ni	ca-li-fo-ni
telex-end	ca-li-tê	ca-li-tee
telex-end	ca-líp	ca-lips
telex-end	ca-lo	ca-lo
telex-end	ca-lô	ca-loo
telex-end	ca-me-ra	ca-me-ra
telex-end	ca-men	ca-men
telex-end	ca-mê-ra	ca-mee-ra
telex-end	ca-mi-nhông	ca-mi-nhoong
telex-end	ca-mi-ông	ca-mi-oong
telex-end	ca-na-pê	ca-na-pee
telex-end	ca-níp	ca-nips
telex-end	ca-nô	ca-noo
telex-end	ca-nông	ca-noong
telex-end	ca-phê-in	ca-phee-in
telex-end	ca-pô	ca-poo
telex-end	ca-pốt	ca-poots
telex-end	ca-ra	ca-ra
telex-end	ca-ra-te	ca-ra-te
telex-end	ca-rê	ca-ree
telex-end	ca-ri	ca-ri
telex-end	ca-rô	ca-roo
telex-end	ca-rô-ten	ca-roo-ten
telex-end	ca-sê	ca-see
telex-end	ca-sô	ca-soo
telex-end	ca-ta-lô	ca-ta-loo
telex-end	Ca-tang	^ca-tang
telex-end	ca-ti-on	ca-ti-on
telex-end	ca-ti-ôn	ca-ti-oon
telex-end	ca-tốt	ca-toots
telex-end	ca-vát	ca-vats
telex-end	ca-vét	ca-vets
telex-end	cà	caf
telex-end	cà-mèn	caf-menf
telex-end	cà-phê	caf-phee
telex-end	cà-phê	caf-phee
telex-end	cà-rem	caf-rem
telex-end	cà-ri	caf-ri
telex-end	cà-rốt	caf-roots
telex-end	cà-rốt	caf-roots
telex-end	cà-vạt	caf-vatj
telex-end	cả	car
telex-end	cá	cas
telex-end	cạ	caj
telex-end	cabin	cabin
telex-end	các	cacs
telex-end	các-bin	cacs-bin
telex-end	các-bo-nát	cacs-bo-nats
telex-end	các-bon	cacs-bon
telex-end	các-bon-nát	cacs-bon-nats
telex-end	các-bon-ních	cacs-bon-nichs
telex-end	các-bua	cacs-bua
telex-end	các-táp	cacs-taps
telex-end	các-ten	cacs-ten
telex-end	các-tông	cacs-toong
telex-end	các-tơ	cacs-tow
telex-end	các-vi-dít	cacs-vi-dits
telex-end	các-xtơ	cacs-xtow
telex-end	cạc	cacj
telex-end	cacao	cacao
telex-end	cacbin	cacbin
telex-end	cacbon	cacbon
telex-end	cacbonat	cacbonat
telex-end	cacbua	cacbua
telex-end	cách	cachs
telex-end	cạch	cachj
telex-end	cacten	cacten
telex-end	cactông	cactoong
telex-end	cadmium	cadmium
telex-end	cafein	cafein
telex-end	cafê	cafee
telex-end	cai	cai
telex-end	cài	caif
telex-end	cải	cair
telex-end	cãi	caix
telex-end	cái	cais
telex-end	cal	cal
telex-end	calcium	calcium
telex-end	calib	calib
telex-end	calo	calo
telex-end	calô	caloo
telex-end	cam	cam
telex-end	cam-nhông	cam-nhoong
telex-end	càm	camf
telex-end	cảm	camr
telex-end	cám	cams
telex-end	cạm	camj
telex-end	camera	camera
telex-end	camnhông	camnhoong
telex-end	can	can
telex-end	can-đê-la	can-ddee-la
telex-end	can-đơ-la	can-ddow-la
telex-end	can-ke	can-ke
telex-end	can-kê	can-kee
telex-end	Can-tua	^can-tua
telex-end	can-xi	can-xi
telex-end	càn	canf
telex-end	cản	canr
telex-end	cán	cans
telex-end	cạn	canj
telex-end	candela	candela
telex-end	càng	cangf
telex-end	cảng	cangr
telex-end	cáng	cangs
telex-end	canh	canh
telex-end	canh-ki-na	canh-ki-na
telex-end	cành	canhf
telex-end	cảnh	canhr
telex-end	cánh	canhs
telex-end	cạnh	canhj
telex-end	canhkina	canhkina
telex-end	canke	canke
telex-end	canon	canon
telex-end	canô	canoo
telex-end	canông	canoong
telex-end	canxi	canxi
telex-end	cao	cao
telex-end	Cao	^cao
telex-end	cao-bồi	cao-booif
telex-end	cao-đài	cao-ddaif
telex-end	cao-lanh	cao-lanh
telex-end	cao-su	cao-su
telex-end	cào	caof
telex-end	cảo	caor
telex-end	cáo	caos
telex-end	cạo	caoj
telex-end	caolanh	caolanh
telex-end	caosu	caosu
telex-end	cáp	caps
telex-end	cạp	capj
telex-end	cara	cara
telex-end	carate	carate
telex-end	carbin	carbin
telex-end	carbon	carbon
telex-end	carbonat	carbonat
telex-end	carbur	carbur
telex-end	cari	cari
telex-end	carô	caroo
telex-end	cartel	cartel
telex-end	casino	casino
telex-end	casset	casset
telex-end	cát	cats
telex-end	cát-két	cats-kets
telex-end	cát-mi	cats-mi
telex-end	cát-sê	cats-see
telex-end	cát-xét	cats-xets
telex-end	catalô	cataloo
telex-end	cathod	cathod
telex-end	cation	cation
telex-end	catket	catket
telex-end	catôt	catoot
telex-end	catsê	catsee
telex-end	catxet	catxet
telex-end	cau	cau
telex-end	cáu	caus
telex-end	cạu	cauj
telex-end	cavat	cavat
telex-end	cave	cave
telex-end	cay	cay
telex-end	cày	cayf
telex-end	Cày	^cayf
telex-end	cáy	cays
telex-end	cạy	cayj
telex-end	cắc	cawcs
telex-end	cắc-tê	cawcs-tee
telex-end	cặc	cawcj
telex-end	căm	cawm
telex-end	cằm	cawmf
telex-end	cắm	cawms
telex-end	cặm	cawmj
telex-end	căn	cawn
telex-end	căn-tin	cawn-tin
telex-end	cằn	cawnf
telex-end	cắn	cawns
telex-end	cặn	cawnj
telex-end	căng	cawng
telex-end	căng-tin	cawng-tin
telex-end	cẳng	cawngr
telex-end	cẵng	cawngx
telex-end	cắng	cawngs
telex-end	căngtin	cawngtin
telex-end	cắp	cawps
telex-end	cặp	cawpj
telex-end	cắt	cawts
telex-end	cấc	caacs
telex-end	câm	caam
telex-end	cầm	caamf
telex-end	cẩm	caamr
telex-end	cấm	caams
telex-end	cân	caan
telex-end	cần	caanf
telex-end	cẩn	caanr
telex-end	cấn	caans
telex-end	cận	caanj
telex-end	câng	caang
telex-end	cẫng	caangx
telex-end	cấp	caaps
telex-end	cập	caapj
telex-end	cất	caats
telex-end	cật	caatj
telex-end	câu	caau
telex-end	câu-rút	caau-ruts
telex-end	cầu	caauf
telex-end	cẩu	caaur
telex-end	cấu	caaus
telex-end	cậu	caauj
telex-end	cây	caay
telex-end	cầy	caayf
telex-end	cấy	caays
telex-end	cậy	caayj
telex-end	CC	^c^c
telex-end	cc	cc
telex-end	Cd	^cd
telex-end	CD	^c^d
telex-end	CD-ROM	^c^d-^r^o^m
telex-end	cedi	cedi
telex-end	cello	cello
telex-end	cellulos	cellulos
telex-end	Celsius	^celsius
telex-end	cen-ti-mét	cen-ti-mets
telex-end	centi-	centi-
telex-end	CH	^c^h
telex-end	cha	cha
telex-end	Cha-cú	^cha-cus
telex-end	chà	chaf
telex-end	chả	char
telex-end	chạ	chaj
telex-end	chác	chacs
telex-end	chạc	chacj
telex-end	chách	chachs
telex-end	chạch	chachj
telex-end	chai	chai
telex-end	chài	chaif
telex-end	chải	chair
telex-end	chái	chais
telex-end	chàm	chamf
telex-end	Chàm	^chamf
telex-end	chạm	chamj
telex-end	chan	chan
telex-end	chán	chans
telex-end	chạn	chanj
telex-end	chang	chang
telex-end	chàng	changf
telex-end	chạng	changj
telex-end	chanh	chanh
telex-end	chành	chanhf
telex-end	chánh	chanhs
telex-end	chạnh	chanhj
telex-end	chao	chao
telex-end	chào	chaof
telex-end	chảo	chaor
telex-end	chão	chaox
telex-end	cháo	chaos
telex-end	chạo	chaoj
telex-end	chạp	chapj
telex-end	chát	chats
telex-end	chạt	chatj
telex-end	chau	chau
telex-end	chảu	chaur
telex-end	cháu	chaus
telex-end	chay	chay
telex-end	chày	chayf
telex-end	chảy	chayr
telex-end	cháy	chays
telex-end	chạy	chayj
telex-end	chắc	chawcs
telex-end	chặc	chawcj
telex-end	chăm	chawm
telex-end	Chăm	^chawm
telex-end	Chăm-rê	^chawm-ree
telex-end	chằm	chawmf
telex-end	chắm	chawms
telex-end	chặm	chawmj
telex-end	chăn	chawn
telex-end	chằn	chawnf
telex-end	chẵn	chawnx
telex-end	chắn	chawns
telex-end	chặn	chawnj
telex-end	chăng	chawng
telex-end	chằng	chawngf
telex-end	chẳng	chawngr
telex-end	chặng	chawngj
telex-end	chắp	chawps
telex-end	chặp	chawpj
telex-end	chắt	chawts
telex-end	chặt	chawtj
telex-end	chậc	chaacj
telex-end	châm	chaam
telex-end	chầm	chaamf
telex-end	chẩm	chaamr
telex-end	chấm	chaams
telex-end	chậm	chaamj
telex-end	chân	chaan
telex-end	chần	chaanf
telex-end	chẩn	chaanr
telex-end	chấn	chaans
telex-end	chận	chaanj
telex-end	chấp	chaaps
telex-end	chập	chaapj
telex-end	chất	chaats
telex-end	chật	chaatj
telex-end	châu	chaau
telex-end	Châu	^chaau
telex-end	Châu-ro	^chaau-ro
telex-end	chầu	chaauf
telex-end	chẩu	chaaur
telex-end	chấu	chaaus
telex-end	chậu	chaauj
telex-end	chây	chaay
telex-end	chầy	chaayf
telex-end	chấy	chaays
telex-end	chậy	chaayj
telex-end	CHDC	^c^h^d^c
telex-end	che	che
telex-end	chè	chef
telex-end	chẻ	cher
telex-end	chẽ	chex
telex-end	ché	ches
telex-end	chém	chems
telex-end	chen	chen
telex-end	chèn	chenf
telex-end	chẽn	chenx
telex-end	chén	chens
telex-end	chẹn	chenj
telex-end	cheo	cheo
telex-end	chèo	cheof
telex-end	chẻo	cheor
telex-end	chéo	cheos
telex-end	chép	cheps
telex-end	chét	chets
telex-end	chẹt	chetj
telex-end	chê	chee
telex-end	chế	chees
telex-end	chếch	cheechs
telex-end	chệch	cheechj
telex-end	chêm	cheem
telex-end	chênh	cheenh
telex-end	chếp	cheeps
telex-end	chết	cheets
telex-end	chệt	cheetj
telex-end	chi	chi
telex-end	chi-hua-hua	chi-hua-hua
telex-end	chì	chif
telex-end	chỉ	chir
telex-end	chí	chis
telex-end	Chí-phèo	^chis-pheof
telex-end	chị	chij
telex-end	chia	chia
telex-end	chìa	chiaf
telex-end	chĩa	chiax
telex-end	chía	chias
telex-end	chích	chichs
telex-end	chiếc	chieecs
telex-end	chiệc	chieecj
telex-end	chiêm	chieem
telex-end	chiếm	chieems
telex-end	chiên	chieen
telex-end	chiền	chieenf
telex-end	chiến	chieens
telex-end	chiêng	chieeng
telex-end	chiềng	chieengf
telex-end	chiếng	chieengs
telex-end	chiếp	chieeps
telex-end	chiết	chieets
telex-end	chiêu	chieeu
telex-end	chiều	chieeuf
telex-end	chiểu	chieeur
telex-end	chiếu	chieeus
telex-end	Chil	^chil
telex-end	chim	chim
telex-end	chìm	chimf
telex-end	chỉn	chinr
telex-end	chín	chins
telex-end	chịn	chinj
telex-end	chình	chinhf
telex-end	chỉnh	chinhr
telex-end	chĩnh	chinhx
telex-end	chính	chinhs
telex-end	chíp	chips
telex-end	chít	chits
telex-end	chịt	chitj
telex-end	chíu	chius
telex-end	chịu	chiuj
telex-end	chlor	chlor
telex-end	chlorat	chlorat
telex-end	chlorur	chlorur
telex-end	cho	cho
telex-end	chò	chof
telex-end	chỏ	chor
telex-end	Chỏ	^chor
telex-end	chõ	chox
telex-end	chó	chos
telex-end	chọ	choj
telex-end	choa	choa
telex-end	choá	choas
telex-end	choác	choacs
telex-end	choạc	choacj
telex-end	choai	choai
telex-end	choài	choaif
telex-end	choãi	choaix
telex-end	choái	choais
telex-end	choại	choaij
telex-end	choán	choans
telex-end	choang	choang
telex-end	choàng	choangf
telex-end	choảng	choangr
telex-end	choáng	choangs
telex-end	choạng	choangj
telex-end	choắt	choawts
telex-end	chóc	chocs
telex-end	chọc	chocj
telex-end	choé	choes
telex-end	choẹ	choej
telex-end	choèn	choenf
telex-end	choẹt	choetj
telex-end	chòi	choif
telex-end	chỏi	choir
telex-end	chói	chois
telex-end	chọi	choij
telex-end	Chom	^chom
telex-end	chòm	chomf
telex-end	chỏm	chomr
telex-end	chõm	chomx
telex-end	chọn	chonj
telex-end	chong	chong
telex-end	chòng	chongf
telex-end	chỏng	chongr
telex-end	chõng	chongx
telex-end	chóng	chongs
telex-end	choòng	choongf
telex-end	chóp	chops
telex-end	chót	chots
telex-end	chồ	choof
telex-end	chỗ	choox
telex-end	chộ	chooj
telex-end	chốc	choocs
telex-end	chồi	chooif
telex-end	chổi	chooir
telex-end	chỗi	chooix
telex-end	chối	choois
telex-end	chôm	choom
telex-end	chồm	choomf
telex-end	chôn	choon
telex-end	chồn	choonf
telex-end	chốn	choons
telex-end	chông	choong
telex-end	chồng	choongf
telex-end	chổng	choongr
telex-end	chống	choongs
telex-end	chốp	choops
telex-end	chộp	choopj
telex-end	chốt	choots
telex-end	chột	chootj
telex-end	Chơ-rai	^chow-rai
telex-end	Chơ-ro	^chow-ro
telex-end	Chơ-ru	^chow-ru
telex-end	chờ	chowf
telex-end	Chờ	^chowf
telex-end	chở	chowr
telex-end	chớ	chows
telex-end	chợ	chowj
telex-end	chơi	chowi
telex-end	chờm	chowmf
telex-end	chớm	chowms
telex-end	chơn	chown
telex-end	chờn	chownf
telex-end	chớn	chowns
telex-end	chợn	chownj
telex-end	chớp	chowps
telex-end	chợp	chowpj
telex-end	chợt	chowtj
telex-end	chrom	chrom
telex-end	chu	chu
telex-end	Chu-ru	^chu-ru
telex-end	chù	chuf
telex-end	Chù	^chuf
telex-end	chủ	chur
telex-end	chú	chus
telex-end	chua	chua
telex-end	chùa	chuaf
telex-end	chúa	chuas
telex-end	chuẩn	chuaanr
telex-end	chúc	chucs
telex-end	chục	chucj
telex-end	chui	chui
telex-end	chùi	chuif
telex-end	chũi	chuix
telex-end	chúi	chuis
telex-end	chum	chum
telex-end	chùm	chumf
telex-end	chủm	chumr
telex-end	chũm	chumx
telex-end	chúm	chums
telex-end	chụm	chumj
telex-end	chun	chun
telex-end	chùn	chunf
telex-end	chủn	chunr
telex-end	chung	chung
telex-end	chùng	chungf
telex-end	chủng	chungr
telex-end	chúng	chungs
telex-end	chuốc	chuoocs
telex-end	chuộc	chuoocj
telex-end	chuôi	chuooi
telex-end	chuồi	chuooif
telex-end	chuỗi	chuooix
telex-end	chuối	chuoois
telex-end	chuội	chuooij
telex-end	chuôm	chuoom
telex-end	chuồn	chuoonf
telex-end	chuông	chuoong
telex-end	chuồng	chuoongf
telex-end	chuộng	chuoongj
telex-end	chuốt	chuoots
telex-end	chuột	chuootj
telex-end	chụp	chupj
telex-end	chút	chuts
telex-end	chụt	chutj
telex-end	chùy	chuyf
telex-end	chuỳ	chuyf
telex-end	chuyên	chuyeen
telex-end	chuyền	chuyeenf
telex-end	chuyển	chuyeenr
telex-end	chuyến	chuyeens
telex-end	chuyện	chuyeenj
telex-end	chư	chuw
telex-end	chừ	chuwf
telex-end	chữ	chuwx
telex-end	chứ	chuws
telex-end	chưa	chuwa
telex-end	chừa	chuwaf
telex-end	chửa	chuwar
telex-end	chữa	chuwax
telex-end	chứa	chuwas
telex-end	chức	chuwcs
telex-end	chực	chuwcj
telex-end	chửi	chuwir
telex-end	chưn	chuwn
telex-end	chưng	chuwng
telex-end	chừng	chuwngf
telex-end	chửng	chuwngr
telex-end	chững	chuwngx
telex-end	chứng	chuwngs
telex-end	chựng	chuwngj
telex-end	chước	chuwowcs
telex-end	chưởi	chuwowir
telex-end	chườm	chuwowmf
telex-end	chương	chuwowng
telex-end	chương-đài	chuwowng-ddaif
telex-end	chường	chuwowngf
telex-end	chưởng	chuwowngr
telex-end	chướng	chuwowngs
telex-end	chượp	chuwowpj
telex-end	Chứt	^chuwts
telex-end	CHXHCN	^c^h^x^h^c^n
telex-end	CIF	^c^i^f
telex-end	Cl	^cl
telex-end	cla-ri-nét	cla-ri-nets
telex-end	cla-vét	cla-vets
telex-end	clanh-ke	clanh-ke
telex-end	clarinet	clarinet
telex-end	CLB	^c^l^b
telex-end	clê-a-rin	clee-a-rin
telex-end	cli-sê	cli-see
telex-end	clin-ke	clin-ke
telex-end	clinke	clinke
telex-end	clinker	clinker
telex-end	clo	clo
telex-end	clo-rát	clo-rats
telex-end	clo-rua	clo-rua
telex-end	clorat	clorat
telex-end	clorua	clorua
telex-end	cm	cm
telex-end	CM	^c^m
telex-end	CN	^c^n
telex-end	CNTB	^c^n^t^b
telex-end	CNXH	^c^n^x^h
telex-end	co	co
telex-end	Co	^co
telex-end	co-ban	co-ban
telex-end	co-lo-phan	co-lo-phan
telex-end	co-sin	co-sin
telex-end	co-tang	co-tang
telex-end	cò	cof
telex-end	cò-mi	cof-mi
telex-end	cỏ	cor
telex-end	cỏ-vê	cor-vee
telex-end	có	cos
telex-end	cọ	coj
telex-end	cobalt	cobalt
telex-end	cóc	cocs
telex-end	cọc	cocj
telex-end	coca	coca
telex-end	cocain	cocain
telex-end	coctison	coctison
telex-end	codein	codein
telex-end	coi	coi
telex-end	còi	coif
telex-end	cõi	coix
telex-end	cói	cois
telex-end	Col	^col
telex-end	cologa	cologa
telex-end	cologarit	cologarit
telex-end	colon	colon
telex-end	colophan	colophan
telex-end	com-bi-ne-dông	com-bi-ne-doong
telex-end	com-bin	com-bin
telex-end	com-bờ-lê	com-bowf-lee
telex-end	com-lê	com-lee
telex-end	com-măng	com-mawng
telex-end	com-măng-ca	com-mawng-ca
telex-end	com-măng-đô	com-mawng-ddoo
telex-end	com-mi	com-mi
telex-end	com-mít-xi-ông	com-mits-xi-oong
telex-end	com-mốt	com-moots
telex-end	com-pa	com-pa
telex-end	com-pa-nhi	com-pa-nhi
telex-end	com-pắc	com-pawcs
telex-end	com-plê	com-plee
telex-end	com-pô	com-poo
telex-end	com-pô-dít	com-poo-dits
telex-end	com-pu-tơ	com-pu-tow
telex-end	còm	comf
telex-end	còm-mi	comf-mi
telex-end	comlê	comlee
telex-end	commando	commando
telex-end	commăng	commawng
telex-end	commăng-ca	commawng-ca
telex-end	compa	compa
telex-end	computer	computer
telex-end	con	con
telex-end	Con-kde	^con-kde
telex-end	con-léc-xi-ông	con-lecs-xi-oong
telex-end	còn	conf
telex-end	cỏn	conr
telex-end	cọn	conj
telex-end	concerto	concerto
telex-end	confetti	confetti
telex-end	cong	cong
telex-end	cong-tờ-gút	cong-towf-guts
telex-end	còng	congf
telex-end	cỏng	congr
telex-end	cõng	congx
telex-end	cóng	congs
telex-end	cọng	congj
telex-end	consol	consol
telex-end	consortium	consortium
telex-end	contac	contac
telex-end	container	container
telex-end	continum	continum
telex-end	contrabass	contrabass
telex-end	conxecto	conxecto
telex-end	conxoocxiom	conxoocxiom
telex-end	coóc-nê	coocs-nee
telex-end	coóc-ti-don	coocs-ti-don
telex-end	coóc-ti-dôn	coocs-ti-doon
telex-end	coóc-xê	coocs-xee
telex-end	cóp	cops
telex-end	cọp	copj
telex-end	cọp-dê	copj-dee
telex-end	copfa	copfa
telex-end	Cor	^cor
telex-end	cordoba	cordoba
telex-end	cortison	cortison
telex-end	cos	cos
telex-end	cosin	cosin
telex-end	cot	cot
telex-end	cót	cots
telex-end	cọt	cotj
telex-end	cota	cota
telex-end	cotang	cotang
telex-end	cotton	cotton
telex-end	coulomb	coulomb
telex-end	cô	coo
telex-end	cô-ban	coo-ban
telex-end	cô-ca	coo-ca
telex-end	cô-ca-in	coo-ca-in
telex-end	cô-đê-in	coo-ddee-in
telex-end	cô-le	coo-le
telex-end	cô-li	coo-li
telex-end	cô-lô-nhần	coo-loo-nhaanf
telex-end	cô-lô-phan	coo-loo-phan
telex-end	cô-lôn	coo-loon
telex-end	cô-nhắc	coo-nhawcs
telex-end	cô-pếch	coo-peechs
telex-end	cô-sin	coo-sin
telex-end	cô-sông	coo-soong
telex-end	cô-ta	coo-ta
telex-end	cô-tang	coo-tang
telex-end	cô-ti-dê	coo-ti-dee
telex-end	cô-tông	coo-toong
telex-end	cô-ve	coo-ve
telex-end	cồ	coof
telex-end	cổ	coor
telex-end	cổ-dề	coor-deef
telex-end	cỗ	coox
telex-end	cố	coos
telex-end	cộ	cooj
telex-end	cốc	coocs
telex-end	cốc-tai	coocs-tai
telex-end	cốc-tay	coocs-tay
telex-end	cộc	coocj
telex-end	côi	cooi
telex-end	cổi	cooir
telex-end	cỗi	cooix
telex-end	cối	coois
telex-end	cội	cooij
telex-end	côm	coom
telex-end	cốm	cooms
telex-end	cộm	coomj
telex-end	côn	coon
telex-end	cồn	coonf
telex-end	Cồn	^coonf
telex-end	cốn	coons
telex-end	cộn	coonj
telex-end	công	coong
telex-end	công-bát	coong-bats
telex-end	công-bạt	coong-batj
telex-end	công-cua	coong-cua
telex-end	công-phét-ti	coong-phets-ti
telex-end	công-pho	coong-pho
telex-end	công-quy-răng	coong-quy-rawng
telex-end	công-ta	coong-ta
telex-end	công-tắc	coong-tawcs
telex-end	công-te-nơ	coong-te-now
telex-end	công-toa	coong-toa
telex-end	công-tôn	coong-toon
telex-end	công-tơ	coong-tow
telex-end	công-tơ-rơ-bát	coong-tow-row-bats
telex-end	công-voa	coong-voa
telex-end	công-xây	coong-xaay
telex-end	công-xéc-tô	coong-xecs-too
telex-end	công-xi	coong-xi
telex-end	công-xinh	coong-xinh
telex-end	công-xon	coong-xon
telex-end	công-xôn	coong-xoon
telex-end	cồng	coongf
telex-end	cổng	coongr
telex-end	cống	coongs
telex-end	Cống	^coongs
telex-end	cộng	coongj
telex-end	côngtắc	coongtawcs
telex-end	côngtenơ	coongtenow
telex-end	côngtơ	coongtow
telex-end	côngxectô	coongxectoo
telex-end	côngxon	coongxon
telex-end	cốp	coops
telex-end	cốp-pha	coops-pha
telex-end	cộp	coopj
telex-end	côsin	coosin
telex-end	cốt	coots
telex-end	cốt-lét	coots-lets
telex-end	cốt-nhát	coots-nhats
telex-end	cốt-nhắc	coots-nhawcs
telex-end	cốt-pha	coots-pha
telex-end	cốt-phát	coots-phats
telex-end	cột	cootj
telex-end	côtang	cootang
telex-end	côtông	cootoong
telex-end	cơ	cow
telex-end	Cơ-don	^cow-don
telex-end	Cơ-ho	^cow-ho
telex-end	cơ-lanh-ke	cow-lanh-ke
telex-end	cơ-lê	cow-lee
telex-end	Cơ-tu	^cow-tu
telex-end	cờ	cowf
telex-end	cờ-lê	cowf-lee
telex-end	cờ-lếp	cowf-leeps
telex-end	cờ-ra-vát	cowf-ra-vats
telex-end	cờ-rếp	cowf-reeps
telex-end	cỡ	cowx
telex-end	cớ	cows
telex-end	cơi	cowi
telex-end	cời	cowif
telex-end	cởi	cowir
telex-end	cỡi	cowix
telex-end	cơlê	cowlee
telex-end	cơm	cowm
telex-end	cớm	cowms
telex-end	cơn	cown
telex-end	cỡn	cownx
telex-end	cớn	cowns
telex-end	cợn	cownj
telex-end	cợp	cowpj
telex-end	cợt	cowtj
telex-end	CPU	^c^p^u
telex-end	Cr	^cr
telex-end	cra-vat	cra-vat
telex-end	crêp	creep
telex-end	crếp	creeps
telex-end	crom	crom
telex-end	crô-mít	croo-mits
telex-end	crôm	croom
telex-end	cru-da-đô	cru-da-ddoo
telex-end	CS	^c^s
telex-end	Cty	^cty
telex-end	cu	cu
telex-end	Cu	^cu
telex-end	cu-li	cu-li
telex-end	cu-lit	cu-lit
telex-end	cu-lít	cu-lits
telex-end	cu-lông	cu-loong
telex-end	cu-pông	cu-poong
telex-end	cu-roa	cu-roa
telex-end	cu-ron	cu-ron
telex-end	cu-soong	cu-soong
telex-end	cù	cuf
telex-end	củ	cur
telex-end	cũ	cux
telex-end	cú	cus
telex-end	cụ	cuj
telex-end	cua	cua
telex-end	cua-roa	cua-roa
telex-end	cua-ron	cua-ron
telex-end	cua-rơ	cua-row
telex-end	Cùa	^cuaf
telex-end	của	cuar
telex-end	cúa	cuas
telex-end	cuaroa	cuaroa
telex-end	cuarơ	cuarow
telex-end	cúc	cucs
telex-end	cục	cucj
telex-end	cùi	cuif
telex-end	cùi-dìa	cuif-diaf
telex-end	củi	cuir
telex-end	cũi	cuix
telex-end	cúi	cuis
telex-end	Cul	^cul
telex-end	culi	culi
telex-end	culit	culit
telex-end	culon	culon
telex-end	culong	culong
telex-end	culông	culoong
telex-end	cum	cum
telex-end	cùm	cumf
telex-end	cúm	cums
telex-end	cụm	cumj
telex-end	cun	cun
telex-end	cùn	cunf
telex-end	củn	cunr
telex-end	cún	cuns
telex-end	cung	cung
telex-end	cùng	cungf
telex-end	củng	cungr
telex-end	cũng	cungx
telex-end	cúng	cungs
telex-end	cụng	cungj
telex-end	cuốc	cuoocs
telex-end	cuộc	cuoocj
telex-end	cuối	cuoois
telex-end	Cuối	^cuoois
telex-end	cuội	cuooij
telex-end	Cuội	^cuooij
telex-end	cuỗm	cuoomx
telex-end	cuồn	cuoonf
telex-end	cuốn	cuoons
telex-end	cuộn	cuoonj
telex-end	cuông	cuoong
telex-end	cuồng	cuoongf
telex-end	cuống	cuoongs
telex-end	cuộng	cuoongj
telex-end	cúp	cups
telex-end	cụp	cupj
telex-end	Cur	^cur
telex-end	curoa	curoa
telex-end	cút	cuts
telex-end	cút-lít	cuts-lits
telex-end	cụt	cutj
telex-end	cư	cuw
telex-end	cừ	cuwf
telex-end	cử	cuwr
telex-end	cữ	cuwx
telex-end	cứ	cuws
telex-end	cự	cuwj
telex-end	cưa	cuwa
telex-end	cửa	cuwar
telex-end	cứa	cuwas
telex-end	cựa	cuwaj
telex-end	cực	cuwcj
telex-end	cửi	cuwir
telex-end	cưng	cuwng
telex-end	cửng	cuwngr
telex-end	cứng	cuwngs
telex-end	cước	cuwowcs
telex-end	cược	cuwowcj
telex-end	cười	cuwowif
telex-end	cưỡi	cuwowix
telex-end	cưới	cuwowis
telex-end	cườm	cuwowmf
telex-end	cương	cuwowng
telex-end	cường	cuwowngf
telex-end	cưỡng	cuwowngx
telex-end	cướp	cuwowps
telex-end	cứt	cuwts
telex-end	cưu	cuwu
telex-end	cừu	cuwuf
telex-end	cửu	cuwur
telex-end	cữu	cuwux
telex-end	cứu	cuwus
telex-end	cựu	cuwuj
telex-end	CY	^c^y
telex-end	cybernetic	cybernetic
telex-end	d	d
telex-end	D	^d
telex-end	da	da
telex-end	dà	daf
telex-end	dã	dax
telex-end	dá	das
telex-end	dạ	daj
telex-end	Dạ	^daj
telex-end	dác	dacs
telex-end	dạc	dacj
telex-end	dai	dai
telex-end	dài	daif
telex-end	dải	dair
telex-end	dãi	daix
telex-end	dái	dais
telex-end	dại	daij
telex-end	dalasi	dalasi
telex-end	dam	dam
telex-end	dàm	damf
telex-end	dám	dams
telex-end	dạm	damj
telex-end	dan	dan
telex-end	dàn	danf
telex-end	dãn	danx
telex-end	dán	dans
telex-end	dạn	danj
telex-end	dang	dang
telex-end	dàng	dangf
telex-end	dáng	dangs
telex-end	dạng	dangj
telex-end	danh	danh
telex-end	dành	danhf
telex-end	dảnh	danhr
telex-end	dao	dao
telex-end	dào	daof
telex-end	dạo	daoj
telex-end	dát	dats
telex-end	dạt	datj
telex-end	dàu	dauf
telex-end	day	day
telex-end	dày	dayf
telex-end	dảy	dayr
telex-end	dãy	dayx
telex-end	dáy	days
telex-end	dạy	dayj
telex-end	dăm	dawm
telex-end	dằm	dawmf
telex-end	dắm	dawms
telex-end	dặm	dawmj
telex-end	dăn	dawn
telex-end	dằn	dawnf
telex-end	dặn	dawnj
telex-end	dăng	dawng
telex-end	dẳng	dawngr
telex-end	Dẳng	^dawngr
telex-end	dặng	dawngj
telex-end	dắt	dawts
telex-end	dặt	dawtj
telex-end	dâm	daam
telex-end	dầm	daamf
telex-end	dẫm	daamx
telex-end	dấm	daams
telex-end	dậm	daamj
telex-end	dân	daan
telex-end	dần	daanf
telex-end	dẫn	daanx
telex-end	dấn	daans
telex-end	dận	daanj
telex-end	dâng	daang
telex-end	dấp	daaps
telex-end	dập	daapj
telex-end	dâu	daau
telex-end	dầu	daauf
telex-end	dẩu	daaur
telex-end	dẫu	daaux
telex-end	dấu	daaus
telex-end	dậu	daauj
telex-end	dây	daay
telex-end	dầy	daayf
telex-end	dẫy	daayx
telex-end	dấy	daays
telex-end	dậy	daayj
telex-end	de	de
telex-end	de	de
telex-end	dè	def
telex-end	dẻ	der
telex-end	dẽ	dex
telex-end	dé	des
telex-end	deca	deca
telex-end	deci	deci
telex-end	decibel	decibel
telex-end	delta	delta
telex-end	dém	dems
telex-end	den	den
telex-end	denar	denar
telex-end	deo	deo
telex-end	dẻo	deor
telex-end	dép	deps
telex-end	dẹp	depj
telex-end	derô	deroo
telex-end	dẹt	detj
telex-end	dê	dee
telex-end	dê-rô	dee-roo
telex-end	dể	deer
telex-end	dễ	deex
telex-end	dế	dees
telex-end	dệ	deej
telex-end	dếch	deechs
telex-end	dệch	deechj
telex-end	dên	deen
telex-end	dền	deenf
telex-end	dện	deenj
telex-end	dềnh	deenhf
telex-end	dêrô	deeroo
telex-end	dết	deets
telex-end	dệt	deetj
telex-end	Dgieh	^dgieh
telex-end	di	di
telex-end	Di	^di
telex-end	Di-đà	^di-ddaf
telex-end	dì	dif
telex-end	dỉ	dir
telex-end	dị	dij
telex-end	dĩa	diax
telex-end	dicdăc	dicdawc
telex-end	dích	dichs
telex-end	dích-dắc	dichs-dawcs
telex-end	dích-lơ	dichs-low
telex-end	dịch	dichj
telex-end	diesel	diesel
telex-end	diếc	dieecs
telex-end	diệc	dieecj
telex-end	diêm	dieem
telex-end	diềm	dieemf
telex-end	diễn	dieenx
telex-end	diện	dieenj
telex-end	diếp	dieeps
telex-end	diệp	dieepj
telex-end	diệt	dieetj
telex-end	diều	dieeuf
telex-end	diễu	dieeux
telex-end	diệu	dieeuj
telex-end	dim	dim
telex-end	dìm	dimf
telex-end	dím	dims
telex-end	din	din
telex-end	dĩn	dinx
telex-end	dinar	dinar
telex-end	dinh	dinh
telex-end	dinh-tê	dinh-tee
telex-end	dính	dinhs
telex-end	diod	diod
telex-end	dioptr	dioptr
telex-end	díp	dips
telex-end	dịp	dipj
telex-end	dirham	dirham
telex-end	dịt	ditj
telex-end	dìu	diuf
telex-end	díu	dius
telex-end	dịu	diuj
telex-end	do	do
telex-end	dò	dof
telex-end	dó	dos
telex-end	dọ	doj
telex-end	doa	doa
telex-end	dóa	doas
telex-end	doá	doas
telex-end	dọa	doaj
telex-end	doạ	doaj
telex-end	doãi	doaix
telex-end	doan	doan
telex-end	doãn	doanx
telex-end	doàng	doangf
telex-end	doãng	doangx
telex-end	doạng	doangj
telex-end	doanh	doanh
telex-end	doành	doanhf
telex-end	dobra	dobra
telex-end	dóc	docs
telex-end	dọc	docj
telex-end	doi	doi
telex-end	dòi	doif
telex-end	dõi	doix
telex-end	dọi	doij
telex-end	dol	dol
telex-end	dollar	dollar
telex-end	dom	dom
telex-end	dòm	domf
telex-end	dỏm	domr
telex-end	dóm	doms
telex-end	domino	domino
telex-end	don	don
telex-end	dón	dons
telex-end	dọn	donj
telex-end	dong	dong
telex-end	dòng	dongf
telex-end	dỏng	dongr
telex-end	dõng	dongx
telex-end	dóng	dongs
telex-end	dọng	dongj
telex-end	dọp	dopj
telex-end	doping	doping
telex-end	dót	dots
telex-end	dô	doo
telex-end	dô-kề	doo-keef
telex-end	dồ	doof
telex-end	dỗ	doox
telex-end	dốc	doocs
telex-end	dôi	dooi
telex-end	dồi	dooif
telex-end	dỗi	dooix
telex-end	dối	doois
telex-end	dội	dooij
telex-end	dổm	doomr
telex-end	dồn	doonf
telex-end	dông	doong
telex-end	dộng	doongj
telex-end	dộp	doopj
telex-end	dốt	doots
telex-end	dột	dootj
telex-end	dơ	dow
telex-end	dở	dowr
telex-end	dỡ	dowx
telex-end	dơi	dowi
telex-end	dời	dowif
telex-end	dởm	dowmr
telex-end	dợm	dowmj
telex-end	dơn	down
telex-end	dớn	downs
telex-end	dợn	downj
telex-end	dớp	dowps
telex-end	drachma	drachma
telex-end	dram	dram
telex-end	du	du
telex-end	dù	duf
telex-end	dụ	duj
telex-end	dùa	duaf
telex-end	dũa	duax
telex-end	dục	ducj
telex-end	duềnh	dueenhf
telex-end	dùi	duif
telex-end	dũi	duix
telex-end	dúi	duis
telex-end	dụi	duij
telex-end	dúm	dums
telex-end	dụm	dumj
telex-end	dumdum	dumdum
telex-end	dun	dun
telex-end	dùn	dunf
telex-end	dún	duns
telex-end	dung	dung
telex-end	dùng	dungf
telex-end	dũng	dungx
telex-end	dúng	dungs
telex-end	dụng	dungj
telex-end	duốc	duoocs
telex-end	duộc	duoocj
telex-end	duỗi	duooix
telex-end	duối	duoois
telex-end	Duồn	^duoonf
telex-end	dura	dura
telex-end	duralumin	duralumin
telex-end	dụt	dutj
telex-end	duy	duy
telex-end	duyên	duyeen
telex-end	duyệt	duyeetj
telex-end	dư	duw
telex-end	dừ	duwf
telex-end	dử	duwr
telex-end	dữ	duwx
telex-end	dứ	duws
telex-end	dự	duwj
telex-end	dưa	duwa
telex-end	dừa	duwaf
telex-end	dứa	duwas
telex-end	dựa	duwaj
telex-end	dức	duwcs
telex-end	dưng	duwng
telex-end	dừng	duwngf
telex-end	dửng	duwngr
telex-end	dứng	duwngs
telex-end	dựng	duwngj
telex-end	dược	duwowcj
telex-end	dưới	duwowis
telex-end	dướn	duwowns
telex-end	dương	duwowng
telex-end	dường	duwowngf
telex-end	dưỡng	duwowngx
telex-end	dướng	duwowngs
telex-end	dượng	duwowngj
telex-end	dượt	duwowtj
telex-end	dứt	duwts
telex-end	dyn	dyn
telex-end	dynamit	dynamit
telex-end	dynamo	dynamo
telex-end	đ	dd
telex-end	đa	dda
telex-end	đà	ddaf
telex-end	đả	ddar
telex-end	đã	ddax
telex-end	đá	ddas
telex-end	đạc	ddacj
telex-end	đách	ddachs
telex-end	đai	ddai
telex-end	đài	ddaif
telex-end	đãi	ddaix
telex-end	đái	ddais
telex-end	đại	ddaij
telex-end	Đại-dương-châu	^ddaij-duwowng-chaau
telex-end	đam	ddam
telex-end	đàm	ddamf
telex-end	đảm	ddamr
telex-end	đám	ddams
telex-end	đạm	ddamj
telex-end	đan	ddan
telex-end	đàn	ddanf
telex-end	đản	ddanr
telex-end	đạn	ddanj
telex-end	đang	ddang
telex-end	đàng	ddangf
telex-end	đảng	ddangr
telex-end	đáng	ddangs
telex-end	đanh	ddanh
telex-end	đành	ddanhf
telex-end	đánh	ddanhs
telex-end	đao	ddao
telex-end	đào	ddaof
telex-end	đảo	ddaor
telex-end	đáo	ddaos
telex-end	đạo	ddaoj
telex-end	đáp	ddaps
telex-end	đạp	ddapj
telex-end	đát	ddats
telex-end	đạt	ddatj
telex-end	đau	ddau
telex-end	đay	dday
telex-end	đày	ddayf
telex-end	đãy	ddayx
telex-end	đáy	ddays
telex-end	đặc	ddawcj
telex-end	đăm	ddawm
telex-end	đằm	ddawmf
telex-end	đẵm	ddawmx
telex-end	đắm	ddawms
telex-end	đặm	ddawmj
telex-end	đằn	ddawnf
telex-end	đẵn	ddawnx
telex-end	đặn	ddawnj
telex-end	đăng	ddawng
telex-end	đăng-ten	ddawng-ten
telex-end	đằng	ddawngf
telex-end	đẳng	ddawngr
telex-end	đẵng	ddawngx
telex-end	đắng	ddawngs
telex-end	đặng	ddawngj
telex-end	đăngten	ddawngten
telex-end	đắp	ddawps
telex-end	đắt	ddawts
telex-end	đặt	ddawtj
telex-end	đâm	ddaam
telex-end	đầm	ddaamf
telex-end	đẫm	ddaamx
telex-end	đấm	ddaams
telex-end	đậm	ddaamj
telex-end	đần	ddaanf
telex-end	đẫn	ddaanx
telex-end	đận	ddaanj
telex-end	đấng	ddaangs
telex-end	đập	ddaapj
telex-end	đất	ddaats
telex-end	đâu	ddaau
telex-end	đầu	ddaauf
telex-end	đẩu	ddaaur
telex-end	đấu	ddaaus
telex-end	đậu	ddaauj
telex-end	đây	ddaay
telex-end	đầy	ddaayf
telex-end	đẩy	ddaayr
telex-end	đẫy	ddaayx
telex-end	đấy	ddaays
telex-end	đậy	ddaayj
telex-end	đe	dde
telex-end	đè	ddef
telex-end	đẻ	dder
telex-end	đé	ddes
telex-end	đeca-	ddeca-
telex-end	đem	ddem
telex-end	đen	dden
telex-end	đen-ta	dden-ta
telex-end	đèn	ddenf
telex-end	đẹn	ddenj
telex-end	đenta	ddenta
telex-end	đeo	ddeo
telex-end	đèo	ddeof
telex-end	đẽo	ddeox
telex-end	đéo	ddeos
telex-end	đẹp	ddepj
telex-end	đét	ddets
telex-end	đét-xe	ddets-xe
telex-end	đẹt	ddetj
telex-end	đexi-	ddexi-
telex-end	đexiben	ddexiben
telex-end	đê	ddee
telex-end	đê-ca	ddee-ca
telex-end	đê-xi	ddee-xi
telex-end	đê-xi-ben	ddee-xi-ben
telex-end	đề	ddeef
telex-end	đề-bô	ddeef-boo
telex-end	đề-ca	ddeef-ca
telex-end	đề-can	ddeef-can
telex-end	đề-ma-rơ	ddeef-ma-row
telex-end	đề-mác	ddeef-macs
telex-end	đề-mốt-đê	ddeef-moots-ddee
telex-end	đề-pa	ddeef-pa
telex-end	đề-pô	ddeef-poo
telex-end	đề-sạc	ddeef-sacj
telex-end	đề-xi-ben	ddeef-xi-ben
telex-end	đề-xi-la	ddeef-xi-la
telex-end	đề-xi-mét	ddeef-xi-mets
telex-end	để	ddeer
telex-end	đễ	ddeex
telex-end	đế	ddees
telex-end	đệ	ddeej
telex-end	đếch	ddeechs
telex-end	đêm	ddeem
telex-end	đếm	ddeems
telex-end	đệm	ddeemj
telex-end	đền	ddeenf
telex-end	đến	ddeens
telex-end	đệp	ddeepj
telex-end	đều	ddeeuf
telex-end	đểu	ddeeur
telex-end	đi	ddi
telex-end	đi-ê-den	ddi-ee-den
telex-end	đi-ê-zen	ddi-ee-zen
telex-end	đi-na	ddi-na
telex-end	đi-na-mít	ddi-na-mits
telex-end	đi-na-mô	ddi-na-moo
telex-end	đi-ốp	ddi-oops
telex-end	đi-ốt	ddi-oots
telex-end	đi-văng	ddi-vawng
telex-end	đì	ddif
telex-end	đĩ	ddix
telex-end	đia-phram	ddia-phram
telex-end	đìa	ddiaf
telex-end	đỉa	ddiar
telex-end	đĩa	ddiax
telex-end	đía	ddias
telex-end	địa	ddiaj
telex-end	đích	ddichs
telex-end	địch	ddichj
telex-end	điezen	ddiezen
telex-end	điếc	ddieecs
telex-end	điềm	ddieemf
telex-end	điểm	ddieemr
telex-end	điếm	ddieems
telex-end	điên	ddieen
telex-end	điền	ddieenf
telex-end	điển	ddieenr
telex-end	điện	ddieenj
telex-end	điếng	ddieengs
telex-end	điệp	ddieepj
telex-end	điêu	ddieeu
telex-end	điều	ddieeuf
telex-end	điếu	ddieeus
telex-end	điệu	ddieeuj
telex-end	Đin	^ddin
telex-end	đin	ddin
telex-end	đinamit	ddinamit
telex-end	đinamo	ddinamo
telex-end	đinh	ddinh
telex-end	đình	ddinhf
telex-end	đỉnh	ddinhr
telex-end	đĩnh	ddinhx
telex-end	đính	ddinhs
telex-end	định	ddinhj
telex-end	điop	ddiop
telex-end	điot	ddiot
telex-end	Đip	^ddip
telex-end	đíp-lôm	ddips-loom
telex-end	đít	ddits
telex-end	đít-cua	ddits-cua
telex-end	địt	dditj
telex-end	đìu	ddiuf
telex-end	địu	ddiuj
telex-end	đivăng	ddivawng
telex-end	ĐKZ	^dd^k^z
telex-end	đo	ddo
telex-end	đò	ddof
telex-end	đỏ	ddor
telex-end	đõ	ddox
telex-end	đó	ddos
telex-end	đọ	ddoj
telex-end	đoá	ddoas
telex-end	đóa	ddoas
telex-end	đọa	ddoaj
telex-end	đoạ	ddoaj
telex-end	đoác	ddoacs
telex-end	đoài	ddoaif
telex-end	đoái	ddoais
telex-end	đoan	ddoan
telex-end	đoàn	ddoanf
telex-end	đoản	ddoanr
telex-end	đoán	ddoans
telex-end	đoạn	ddoanj
telex-end	đoàng	ddoangf
telex-end	đoảng	ddoangr
telex-end	đoành	ddoanhf
telex-end	đoạt	ddoatj
telex-end	đóc	ddocs
telex-end	đọc	ddocj
telex-end	đoi	ddoi
telex-end	đòi	ddoif
telex-end	đỏi	ddoir
telex-end	đói	ddois
telex-end	đọi	ddoij
telex-end	đom	ddom
telex-end	đòm	ddomf
telex-end	đỏm	ddomr
telex-end	đóm	ddoms
telex-end	đon	ddon
telex-end	đòn	ddonf
telex-end	đón	ddons
telex-end	đọn	ddonj
telex-end	đong	ddong
telex-end	đòng	ddongf
telex-end	đỏng	ddongr
telex-end	đóng	ddongs
telex-end	đọng	ddongj
telex-end	đót	ddots
telex-end	đọt	ddotj
telex-end	đô	ddoo
telex-end	đô-la	ddoo-la
telex-end	đô-mi-nô	ddoo-mi-noo
telex-end	đô-ping	ddoo-ping
telex-end	đồ	ddoof
telex-end	đổ	ddoor
telex-end	đỗ	ddoox
telex-end	đố	ddoos
telex-end	độ	ddooj
telex-end	đốc	ddoocs
telex-end	đốc-tờ	ddoocs-towf
telex-end	độc	ddoocj
telex-end	đôi	ddooi
telex-end	đồi	ddooif
telex-end	đổi	ddooir
telex-end	đỗi	ddooix
telex-end	đối	ddoois
telex-end	đội	ddooij
telex-end	đôla	ddoola
telex-end	đốm	ddooms
telex-end	đôminô	ddoominoo
telex-end	đôn	ddoon
telex-end	đồn	ddoonf
telex-end	đốn	ddoons
telex-end	độn	ddoonj
telex-end	đông	ddoong
telex-end	đông-bắc	ddoong-bawcs
telex-end	Đông-dương	^ddoong-duwowng
telex-end	đông-nam	ddoong-nam
telex-end	Đông-phương	^ddoong-phuwowng
telex-end	đồng	ddoongf
telex-end	đổng	ddoongr
telex-end	đống	ddoongs
telex-end	động	ddoongj
telex-end	đốp	ddoops
telex-end	độp	ddoopj
telex-end	đốt	ddoots
telex-end	đốt-xi-ê	ddoots-xi-ee
telex-end	đột	ddootj
telex-end	đơ	ddow
telex-end	Đơ-ro	^ddow-ro
telex-end	đờ	ddowf
telex-end	đờ-măng	ddowf-mawng
telex-end	đờ-mi	ddowf-mi
telex-end	đờ-o	ddowf-o
telex-end	đỡ	ddowx
telex-end	đớ	ddows
telex-end	đợ	ddowj
telex-end	đời	ddowif
telex-end	đới	ddowis
telex-end	đợi	ddowij
telex-end	đơm	ddowm
telex-end	đờm	ddowmf
telex-end	đởm	ddowmr
telex-end	đơn	ddown
telex-end	đờn	ddownf
telex-end	đớn	ddowns
telex-end	đớp	ddowps
telex-end	đợp	ddowpj
telex-end	đớt	ddowts
telex-end	đợt	ddowtj
telex-end	ĐT	^dd^t
telex-end	đu	ddu
telex-end	đu-ra	ddu-ra
telex-end	đù	dduf
telex-end	đủ	ddur
telex-end	đú	ddus
telex-end	đụ	dduj
telex-end	đua	ddua
telex-end	đùa	dduaf
telex-end	đũa	dduax
telex-end	đúc	dducs
telex-end	đục	dducj
telex-end	đuềnh	ddueenhf
telex-end	đui	ddui
telex-end	đùi	dduif
telex-end	đũi	dduix
telex-end	đụi	dduij
telex-end	đum-đum	ddum-ddum
telex-end	đùm	ddumf
telex-end	đúm	ddums
telex-end	đumđum	ddumddum
telex-end	đun	ddun
telex-end	đùn	ddunf
telex-end	đụn	ddunj
telex-end	đùng	ddungf
telex-end	đũng	ddungx
telex-end	đúng	ddungs
telex-end	đụng	ddungj
telex-end	đuốc	dduoocs
telex-end	đuôi	dduooi
telex-end	đuổi	dduooir
telex-end	đuối	dduoois
telex-end	đuỗn	dduoonx
telex-end	đuông	dduoong
telex-end	đuống	dduoongs
telex-end	đúp	ddups
telex-end	đúp-lê	ddups-lee
telex-end	đụp	ddupj
telex-end	đura	ddura
telex-end	đút	dduts
telex-end	đụt	ddutj
telex-end	đuy-ra	dduy-ra
telex-end	đuya-ra	dduya-ra
telex-end	đuyra	dduyra
telex-end	đừ	dduwf
telex-end	đứ	dduws
telex-end	đưa	dduwa
telex-end	đừa	dduwaf
telex-end	đứa	dduwas
telex-end	đức	dduwcs
telex-end	đực	dduwcj
telex-end	đưng	dduwng
telex-end	đừng	dduwngf
telex-end	đứng	dduwngs
telex-end	đựng	dduwngj
telex-end	đước	dduwowcs
telex-end	được	dduwowcj
telex-end	đượm	dduwowmj
telex-end	đườn	dduwownf
telex-end	đưỡn	dduwownx
telex-end	đương	dduwowng
telex-end	đường	dduwowngf
telex-end	đứt	dduwts
telex-end	e	e
telex-end	e-bo-nít	e-bo-nits
telex-end	e-léc-tron	e-lecs-tron
telex-end	e-lêc-tơ-ron	e-leec-tow-ron
telex-end	e-líp	e-lips
telex-end	e-mail	e-mail
telex-end	e-me-tin	e-me-tin
telex-end	e-mê-tin	e-mee-tin
telex-end	e-phe-đrin	e-phe-ddrin
telex-end	e-spe-ran-to	e-spe-ran-to
telex-end	e-ste	e-ste
telex-end	e-ti-len	e-ti-len
telex-end	e-xen-đô	e-xen-ddoo
telex-end	è	ef
telex-end	é	es
telex-end	ẹ	ej
telex-end	ebonit	ebonit
telex-end	éc	ecs
telex-end	eke	eke
telex-end	electron	electron
telex-end	elip	elip
telex-end	em	em
telex-end	em-mê	em-mee
telex-end	ém	ems
telex-end	emetin	emetin
telex-end	en	en
telex-end	en-dim	en-dim
telex-end	en-líp	en-lips
telex-end	en-tơ-ro-pi	en-tow-ro-pi
telex-end	en-tro-pi	en-tro-pi
telex-end	en-zim	en-zim
telex-end	én	ens
telex-end	eng	eng
telex-end	entropi	entropi
telex-end	enzim	enzim
telex-end	eo	eo
telex-end	ẻo	eor
telex-end	ẹo	eoj
telex-end	ép	eps
telex-end	ép-phê	eps-phee
telex-end	ép-xi-lon	eps-xi-lon
telex-end	ẹp	epj
telex-end	ephedrin	ephedrin
telex-end	epsilon	epsilon
telex-end	escudo	escudo
telex-end	esperanto	esperanto
telex-end	este	este
telex-end	ét	ets
telex-end	ét-coóc	ets-coocs
telex-end	ét-xăng	ets-xawng
telex-end	ét-xe	ets-xe
telex-end	ét-xpê-răn-tô	ets-xpee-rawn-too
telex-end	ét-xte	ets-xte
telex-end	ẹt	etj
telex-end	eta	eta
telex-end	ete	ete
telex-end	ethylen	ethylen
telex-end	eto	eto
telex-end	etxăng	etxawng
telex-end	etylen	etylen
telex-end	euro	euro
telex-end	ê	ee
telex-end	ê-bô-nit	ee-boo-nit
telex-end	ê-bô-nít	ee-boo-nits
telex-end	ê-cu	ee-cu
telex-end	ê-đê	ee-ddee
telex-end	ê-ke	ee-ke
telex-end	ê-kíp	ee-kips
telex-end	ê-léc-tÒron	ee-lecs-t^oronf
telex-end	ê-léc-tron	ee-lecs-tron
telex-end	ê-lếch-tơ-rôn	ee-leechs-tow-roon
telex-end	ê-líp	ee-lips
telex-end	ê-mê-tin	ee-mee-tin
telex-end	ê-mơ-rốt	ee-mow-roots
telex-end	ê-mun-xi	ee-mun-xi
telex-end	ê-phê-đrin	ee-phee-ddrin
telex-end	ê-pông	ee-poong
telex-end	ê-rô-mi-xin	ee-roo-mi-xin
telex-end	ê-săng-chi-ông	ee-sawng-chi-oong
telex-end	ê-spê-ran-tô	ee-spee-ran-too
telex-end	ê-ta	ee-ta
telex-end	ê-te	ee-te
telex-end	ê-ti-két	ee-ti-kets
telex-end	ê-ti-len	ee-ti-len
telex-end	ê-tô	ee-too
telex-end	ê-tuýt	ee-tuyts
telex-end	ề	eef
telex-end	ế	ees
telex-end	ếch	eechs
telex-end	êcu	eecu
telex-end	êđê-êga	eeddee-eega
telex-end	êke	eeke
telex-end	êkip	eekip
telex-end	êm	eem
telex-end	ếm	eems
telex-end	ềnh	eenhf
telex-end	ễnh	eenhx
telex-end	ệnh	eenhj
telex-end	êning	eening
telex-end	ếp	eeps
telex-end	ệp	eepj
telex-end	êpan	eepan
telex-end	êta	eeta
telex-end	êtô	eetoo
telex-end	êu	eeu
telex-end	f	f
telex-end	F	^f
telex-end	fa	fa
telex-end	fa-ra	fa-ra
telex-end	Fahrenheit	^fahrenheit
telex-end	fara	fara
telex-end	fax	fax
telex-end	Fe	^fe
telex-end	fe-rít	fe-rits
telex-end	féc-mơ-tuya	fecs-mow-tuya
telex-end	feldspat	feldspat
telex-end	fen-spat	fen-spat
telex-end	fenspat	fenspat
telex-end	ferit	ferit
telex-end	festival	festival
telex-end	fi-brô-xi-măng	fi-broo-xi-mawng
telex-end	fibroximăng	fibroximawng
telex-end	fizê	fizee
telex-end	flo	flo
telex-end	flo-rin	flo-rin
telex-end	flo-rua	flo-rua
telex-end	florin	florin
telex-end	florua	florua
telex-end	fluor	fluor
telex-end	fluorur	fluorur
telex-end	fo-man-đe-hít	fo-man-dde-hits
telex-end	fo-man-đê-hít	fo-man-ddee-hits
telex-end	fo-mon	fo-mon
telex-end	fo-rin	fo-rin
telex-end	fo-xép	fo-xeps
telex-end	FOB	^f^o^b
telex-end	folklor	folklor
telex-end	fomanđehit	fomanddehit
telex-end	fomol	fomol
telex-end	fon-clo	fon-clo
telex-end	foóc-môn	foocs-moon
telex-end	foóc-xép	foocs-xeps
telex-end	foocmica	foocmica
telex-end	foot	foot
telex-end	forceps	forceps
telex-end	forint	forint
telex-end	formaldehyd	formaldehyd
telex-end	format	format
telex-end	formica	formica
telex-end	formol	formol
telex-end	foxep	foxep
telex-end	franc	franc
telex-end	frăng	frawng
telex-end	fu-la	fu-la
telex-end	fuốc-sét	fuoocs-sets
telex-end	fut	fut
telex-end	fuy	fuy
telex-end	g	g
telex-end	ga	ga
telex-end	ga-ba-đin	ga-ba-ddin
telex-end	ga-bác-đin	ga-bacs-ddin
telex-end	ga-la	ga-la
telex-end	ga-lăng	ga-lawng
telex-end	ga-len	ga-len
telex-end	ga-li	ga-li
telex-end	ga-lon	ga-lon
telex-end	ga-lông	ga-loong
telex-end	ga-lơ-ri	ga-low-ri
telex-end	ga-ma	ga-ma
telex-end	ga-men	ga-men
telex-end	ga-ra	ga-ra
telex-end	ga-răng-ti	ga-rawng-ti
telex-end	ga-rô	ga-roo
telex-end	ga-tô	ga-too
telex-end	ga-tuýt	ga-tuyts
telex-end	ga-zô-lin	ga-zoo-lin
telex-end	gà	gaf
telex-end	gà-mèn	gaf-menf
telex-end	gả	gar
telex-end	gã	gax
telex-end	gá	gas
telex-end	gạ	gaj
telex-end	gabađin	gabaddin
telex-end	gác	gacs
telex-end	gác-dan	gacs-dan
telex-end	gác-dang	gacs-dang
telex-end	gác-đa-vu	gacs-dda-vu
telex-end	gác-đê-nan	gacs-ddee-nan
telex-end	gác-điêng	gacs-ddieeng
telex-end	gác-đờ-bu	gacs-ddowf-bu
telex-end	gác-đờ-co	gacs-ddowf-co
telex-end	gác-đờ-sen	gacs-ddowf-sen
telex-end	gác-măng-dê	gacs-mawng-dee
telex-end	gác-xon-nê	gacs-xon-nee
telex-end	gạc	gacj
telex-end	gacđiêng	gacddieeng
telex-end	gạch	gachj
telex-end	gai	gai
telex-end	gài	gaif
telex-end	gãi	gaix
telex-end	gái	gais
telex-end	gại	gaij
telex-end	gala	gala
telex-end	galăng	galawng
telex-end	galen	galen
telex-end	gallery	gallery
telex-end	gallon	gallon
telex-end	gam	gam
telex-end	gam-ma	gam-ma
telex-end	gamen	gamen
telex-end	gamma	gamma
telex-end	gan	gan
telex-end	gàn	ganf
telex-end	gán	gans
telex-end	gạn	ganj
telex-end	gang	gang
telex-end	gàng	gangf
telex-end	gangster	gangster
telex-end	ganh	ganh
telex-end	gành	ganhf
telex-end	gảnh	ganhr
telex-end	gánh	ganhs
telex-end	gạnh	ganhj
telex-end	gào	gaof
telex-end	gáo	gaos
telex-end	gạo	gaoj
telex-end	Gar	^gar
telex-end	gara	gara
telex-end	garô	garoo
telex-end	gas	gas
telex-end	gạt	gatj
telex-end	gatô	gatoo
telex-end	gàu	gauf
telex-end	gay	gay
telex-end	gày	gayf
telex-end	gảy	gayr
telex-end	gãy	gayx
telex-end	gáy	gays
telex-end	gạy	gayj
telex-end	gặc	gawcj
telex-end	găm	gawm
telex-end	gằm	gawmf
telex-end	gắm	gawms
telex-end	gặm	gawmj
telex-end	gằn	gawnf
telex-end	gắn	gawns
telex-end	găng	gawng
telex-end	găng-tơ	gawng-tow
telex-end	găng-xte	gawng-xte
telex-end	găng-xtơ	gawng-xtow
telex-end	gắng	gawngs
telex-end	gặng	gawngj
telex-end	găngxtơ	gawngxtow
telex-end	gắp	gawps
telex-end	gặp	gawpj
telex-end	gắt	gawts
telex-end	gặt	gawtj
telex-end	gấc	gaacs
telex-end	gầm	gaamf
telex-end	gẫm	gaamx
telex-end	gấm	gaams
telex-end	gậm	gaamj
telex-end	gân	gaan
telex-end	gần	gaanf
telex-end	gấp	gaaps
telex-end	gập	gaapj
telex-end	gật	gaatj
telex-end	gâu	gaau
telex-end	gầu	gaauf
telex-end	gẫu	gaaux
telex-end	gấu	gaaus
telex-end	gây	gaay
telex-end	gầy	gaayf
telex-end	gẩy	gaayr
telex-end	gẫy	gaayx
telex-end	gấy	gaays
telex-end	gậy	gaayj
telex-end	GDP	^g^d^p
telex-end	Ge	^ge
telex-end	ge-la-tin	ge-la-tin
telex-end	ge-ma-ni	ge-ma-ni
telex-end	gelatin	gelatin
telex-end	gemani	gemani
telex-end	gen	gen
telex-end	germanium	germanium
telex-end	ghe	ghe
telex-end	ghè	ghef
telex-end	ghẻ	gher
telex-end	ghẽ	ghex
telex-end	ghé	ghes
telex-end	ghẹ	ghej
telex-end	ghém	ghems
telex-end	ghen	ghen
telex-end	ghèn	ghenf
telex-end	ghẹo	gheoj
telex-end	ghép	gheps
telex-end	ghét	ghets
telex-end	ghê	ghee
telex-end	ghế	ghees
telex-end	ghếch	gheechs
telex-end	ghệch	gheechj
telex-end	ghềnh	gheenhf
telex-end	ghểnh	gheenhr
telex-end	ghễnh	gheenhx
telex-end	ghệt	gheetj
telex-end	ghi	ghi
telex-end	ghi-đông	ghi-ddoong
telex-end	ghi-sê	ghi-see
telex-end	ghi-ta	ghi-ta
telex-end	ghì	ghif
telex-end	ghiđông	ghiddoong
telex-end	ghiền	ghieenf
telex-end	ghim	ghim
telex-end	ghìm	ghimf
telex-end	ghin-de	ghin-de
telex-end	ghín	ghins
telex-end	ghính	ghinhs
telex-end	ghít	ghits
telex-end	ghịt	ghitj
telex-end	ghita	ghita
telex-end	gi-lê	gi-lee
telex-end	gì	gif
telex-end	gỉ	gir
telex-end	gí	gis
telex-end	gia	gia
telex-end	gia-két	gia-kets
telex-end	Gia-rai	^gia-rai
telex-end	gia-ven	gia-ven
telex-end	già	giaf
telex-end	giả	giar
telex-end	giã	giax
telex-end	giá	gias
telex-end	giạ	giaj
telex-end	giác	giacs
telex-end	giai	giai
telex-end	giải	giair
telex-end	giãi	giaix
telex-end	giại	giaij
telex-end	giam	giam
telex-end	giảm	giamr
telex-end	giám	giams
telex-end	giạm	giamj
telex-end	gian	gian
telex-end	giàn	gianf
telex-end	giản	gianr
telex-end	giãn	gianx
telex-end	gián	gians
telex-end	giang	giang
telex-end	giàng	giangf
telex-end	giảng	giangr
telex-end	giáng	giangs
telex-end	giạng	giangj
telex-end	gianh	gianh
telex-end	giành	gianhf
telex-end	giảnh	gianhr
telex-end	giao	giao
telex-end	giào	giaof
telex-end	giảo	giaor
telex-end	giáo	giaos
telex-end	giáp	giaps
telex-end	giát	giats
telex-end	giạt	giatj
telex-end	giàu	giauf
telex-end	giảu	giaur
telex-end	giày	giayf
telex-end	giãy	giayx
telex-end	Giáy	^giays
telex-end	giắc	giawcs
telex-end	giặc	giawcj
telex-end	giăm	giawm
telex-end	giăm-bông	giawm-boong
telex-end	giằm	giawmf
telex-end	giẵm	giawmx
telex-end	giặm	giawmj
telex-end	giămbông	giawmboong
telex-end	giằn	giawnf
telex-end	giăng	giawng
telex-end	giằng	giawngf
telex-end	giắt	giawts
telex-end	giặt	giawtj
telex-end	giấc	giaacs
telex-end	giâm	giaam
telex-end	giầm	giaamf
telex-end	giẫm	giaamx
telex-end	giấm	giaams
telex-end	giậm	giaamj
telex-end	giần	giaanf
telex-end	giấn	giaans
telex-end	giận	giaanj
telex-end	giấp	giaaps
telex-end	giập	giaapj
telex-end	giật	giaatj
telex-end	giầu	giaauf
telex-end	giấu	giaaus
telex-end	giậu	giaauj
telex-end	giây	giaay
telex-end	giầy	giaayf
telex-end	giẫy	giaayx
telex-end	giấy	giaays
telex-end	gic-lơ	gic-low
telex-end	gie	gie
telex-end	giẻ	gier
telex-end	Giẻ-triêng	^gier-trieeng
telex-end	gié	gies
telex-end	Gié	^gies
telex-end	gièm	giemf
telex-end	gien	gien
telex-end	gieo	gieo
telex-end	giẹo	gieoj
telex-end	giẹp	giepj
telex-end	giếc	gieecs
telex-end	giền	gieenf
telex-end	giêng	gieeng
telex-end	giềng	gieengf
telex-end	giếng	gieengs
telex-end	giết	gieets
telex-end	giễu	gieeux
telex-end	gilê	gilee
telex-end	gìm	gimf
telex-end	gin	gin
telex-end	gìn	ginf
telex-end	gio	gio
telex-end	giò	giof
telex-end	giỏ	gior
telex-end	gió	gios
telex-end	gioàng	gioangf
telex-end	gioăng	gioawng
telex-end	gióc	giocs
telex-end	gioi	gioi
telex-end	giòi	gioif
telex-end	giỏi	gioir
telex-end	giọi	gioij
telex-end	giòn	gionf
telex-end	gión	gions
telex-end	giong	giong
telex-end	giỏng	giongr
telex-end	gióng	giongs
telex-end	giọng	giongj
telex-end	gioong	gioong
telex-end	giọt	giotj
telex-end	giô	gioo
telex-end	giồ	gioof
telex-end	giỗ	gioox
telex-end	giộ	giooj
telex-end	giốc	gioocs
telex-end	giồi	giooif
telex-end	giổi	giooir
telex-end	giỗi	giooix
telex-end	giối	gioois
telex-end	giội	giooij
telex-end	giôn	gioon
telex-end	giông	gioong
telex-end	giồng	gioongf
telex-end	giống	gioongs
telex-end	giộp	gioopj
telex-end	giơ	giow
telex-end	Giơ-lâng	^giow-laang
telex-end	Giơ-lơng	^giow-lowng
telex-end	giơ-tông	giow-toong
telex-end	giờ	giowf
telex-end	giở	giowr
telex-end	giời	giowif
telex-end	giới	giowis
telex-end	giờn	giownf
telex-end	giỡn	giownx
telex-end	gip	gip
telex-end	gíp	gips
telex-end	giu	giu
telex-end	giu-đô	giu-ddoo
telex-end	giũ	giux
telex-end	giú	gius
telex-end	giua	giua
telex-end	giũa	giuax
telex-end	giục	giucj
telex-end	giùi	giuif
telex-end	giủi	giuir
telex-end	giúi	giuis
telex-end	giụi	giuij
telex-end	giùm	giumf
telex-end	giun	giun
telex-end	giuộc	giuoocj
telex-end	giúp	giups
telex-end	giừ	giuwf
telex-end	giữ	giuwx
telex-end	giữa	giuwax
telex-end	giương	giuwowng
telex-end	giường	giuwowngf
telex-end	giượng	giuwowngj
telex-end	giựt	giuwtj
telex-end	glaucom	glaucom
telex-end	gli-xe-rin	gli-xe-rin
telex-end	gli-xê-rin	gli-xee-rin
telex-end	glixerin	glixerin
telex-end	glô-côm	gloo-coom
telex-end	glôcôm	gloocoom
telex-end	glu-cô	glu-coo
telex-end	glu-cô-da	glu-coo-da
telex-end	glu-cô-gien	glu-coo-gien
telex-end	glu-xit	glu-xit
telex-end	glu-xít	glu-xits
telex-end	glucid	glucid
telex-end	gluco	gluco
telex-end	gluxit	gluxit
telex-end	glycerin	glycerin
telex-end	GMT	^g^m^t
telex-end	GNP	^g^n^p
telex-end	go	go
telex-end	go-tích	go-tichs
telex-end	gò	gof
telex-end	gõ	gox
telex-end	gọ	goj
telex-end	goá	goas
telex-end	góa	goas
telex-end	góc	gocs
telex-end	gỏi	goir
telex-end	gói	gois
telex-end	gọi	goij
telex-end	golf	golf
telex-end	gom	gom
telex-end	gon	gon
telex-end	gòn	gonf
telex-end	gọn	gonj
telex-end	gọng	gongj
telex-end	goong	goong
telex-end	goòng	goongf
telex-end	góp	gops
telex-end	gorilla	gorilla
telex-end	gót	gots
telex-end	gọt	gotj
telex-end	gothic	gothic
telex-end	gourde	gourde
telex-end	gô	goo
telex-end	gô-đê	goo-ddee
telex-end	gô-ri	goo-ri
telex-end	gô-ri-la	goo-ri-la
telex-end	gô-tích	goo-tichs
telex-end	gồ	goof
telex-end	gỗ	goox
telex-end	gộ	gooj
telex-end	gốc	goocs
telex-end	gộc	goocj
telex-end	gồi	gooif
telex-end	gối	goois
telex-end	gội	gooij
telex-end	gôm	goom
telex-end	gồm	goomf
telex-end	gốm	gooms
telex-end	gôn	goon
telex-end	gông	goong
telex-end	gồng	goongf
telex-end	gộp	goopj
telex-end	gôrila	goorila
telex-end	gột	gootj
telex-end	gơ	gow
telex-end	Gơ-lar	^gow-lar
telex-end	gơ-lu-xit	gow-lu-xit
telex-end	gờ	gowf
telex-end	gờ-ram	gowf-ram
telex-end	gở	gowr
telex-end	gỡ	gowx
telex-end	gởi	gowir
telex-end	gợi	gowij
telex-end	gờm	gowmf
telex-end	gớm	gowms
telex-end	gơn-đờ-lu	gown-ddowf-lu
telex-end	gợn	gownj
telex-end	gợt	gowtj
telex-end	Gr	^gr
telex-end	gr	gr
telex-end	gra-ni-tô	gra-ni-too
telex-end	gra-nít	gra-nits
telex-end	gra-phít	gra-phits
telex-end	gra-tuýt	gra-tuyts
telex-end	gram	gram
telex-end	granit	granit
telex-end	granito	granito
telex-end	graphit	graphit
telex-end	grát	grats
telex-end	GS	^g^s
telex-end	gu	gu
telex-end	gu-đrông	gu-ddroong
telex-end	gu-giông	gu-gioong
telex-end	gù	guf
telex-end	gụ	guj
telex-end	guarani	guarani
telex-end	gục	gucj
telex-end	guđron	guddron
telex-end	gùi	guif
telex-end	guilder	guilder
telex-end	guitar	guitar
telex-end	gùn	gunf
telex-end	guốc	guoocs
telex-end	guồi	guooif
telex-end	guộn	guoonj
telex-end	guồng	guoongf
telex-end	guột	guootj
telex-end	gút	guts
telex-end	gụt	gutj
telex-end	gừ	guwf
telex-end	gửi	guwir
telex-end	gừng	guwngf
telex-end	gươm	guwowm
telex-end	gườm	guwowmf
telex-end	gượm	guwowmj
telex-end	gương	guwowng
telex-end	gượng	guwowngj
telex-end	h	h
telex-end	H	^h
telex-end	ha	ha
telex-end	ha-fi-ni	ha-fi-ni
telex-end	ha-lô-gien	ha-loo-gien
telex-end	ha-lô-jen	ha-loo-jen
telex-end	hà	haf
telex-end	Hà-lăng	^haf-lawng
telex-end	hả	har
telex-end	há	has
telex-end	hạ	haj
telex-end	Hạ	^haj
telex-end	hác-pơ	hacs-pow
telex-end	hạc	hacj
telex-end	hách	hachs
telex-end	hạch	hachj
telex-end	hai	hai
telex-end	hài	haif
telex-end	hãi	haix
telex-end	hái	hais
telex-end	hại	haij
telex-end	halogen	halogen
telex-end	ham	ham
telex-end	hàm	hamf
telex-end	hãm	hamx
telex-end	hám	hams
telex-end	hạm	hamj
telex-end	han	han
telex-end	hàn	hanf
telex-end	hán	hans
telex-end	Hán	^hans
telex-end	hạn	hanj
telex-mid	a	a
telex-mid	A	^a
telex-mid	a-ba-giua	a-ba-giua
telex-mid	a-ba-toa	a-ba-toa
telex-mid	a-dong	a-dong
telex-mid	a-dốt	a-doost
telex-mid	a-đa	a-dda
telex-mid	A-đam	^a-ddam
telex-mid	A-đi-xơn	^a-ddi-xown
telex-mid	a-đrê-na-lin	a-ddree-na-lin
telex-mid	a-ga	a-ga
telex-mid	a-giăng	a-giawng
telex-mid	a-giăng-đa	a-giawng-dda
telex-mid	a-gon	a-gon
telex-mid	A-la	^a-la
telex-mid	A-la-hán	^a-la-hasn
telex-mid	a-la-mốt	a-la-moost
telex-mid	a-la-văng	a-la-vawng
telex-mid	a-léc	a-lesc
telex-mid	a-len	a-len
telex-mid	a-lê	a-lee
telex-mid	a-lô	a-loo
telex-mid	a-lu-min	a-lu-min
telex-mid	a-ma-tơ	a-ma-tow
telex-mid	a-mam	a-mam
telex-mid	a-măng	a-mawng
telex-mid	a-me-ri-xi	a-me-ri-xi
telex-mid	a-men	a-men
telex-mid	a-mi	a-mi
telex-mid	a-mi-ăng	a-mi-awng
telex-mid	a-mi-đan	a-mi-ddan
telex-mid	a-min	a-min
telex-mid	a-míp	a-misp
telex-mid	a-mô-ni-ác	a-moo-ni-asc
telex-mid	a-mô-ni-ắc	a-moo-ni-awsc
telex-mid	a-nan-gin	a-nan-gin
telex-mid	a-ni-lin	a-ni-lin
telex-mid	a-ni-ôn	a-ni-oon
telex-mid	a-ni-ông	a-ni-oong
telex-mid	a-nô-phen	a-noo-phen
telex-mid	a-nốt	a-noost
telex-mid	a-pa-tít	a-pa-tist
telex-mid	a-pác-thai	a-pasc-thai
telex-mid	a-pê-ri-típ	a-pee-ri-tisp
telex-mid	a-sen	a-sen
telex-mid	a-spi-rin	a-spi-rin
telex-mid	a-ta-tin	a-ta-tin
telex-mid	a-ti-sô	a-ti-soo
telex-mid	a-tlát	a-tlast
telex-mid	a-tÒrô-pin	a-t^ofroo-pin
telex-mid	a-trô-pin	a-troo-pin
telex-mid	a-tu-la	a-tu-la
telex-mid	a-tua-đờ-rôn	a-tua-ddowf-roon
telex-mid	a-văng	a-vawng
telex-mid	a-văng-ta	a-vawng-ta
telex-mid	a-văng-xê	a-vawng-xee
telex-mid	a-vi	a-vi
telex-mid	a-vô-ca	a-voo-ca
telex-mid	a-xen	a-xen
telex-mid	a-xê-ti-len	a-xee-ti-len
telex-mid	a-xê-ton	a-xee-ton
telex-mid	a-xê-tôn	a-xee-toon
telex-mid	a-xit	a-xit
telex-mid	a-xít	a-xist
telex-mid	a-xphan	a-xphan
telex-mid	a-xpi-rin	a-xpi-rin
telex-mid	a-zốt	a-zoost
telex-mid	à	af
telex-mid	ả	ar
telex-mid	á	as
telex-mid	ạ	aj
telex-mid	abc	abc
telex-mid	ABC	^a^b^c
telex-mid	ác	asc
telex-mid	ác-bít	asc-bist
telex-mid	ác-coóc	asc-coosc
telex-mid	ác-coóc-đê-ông	asc-coosc-ddee-oong
telex-mid	ác-mô-ni-ca	asc-moo-ni-ca
telex-mid	ác-quy	asc-quy
telex-mid	ác-ten	asc-ten
telex-mid	ác-ti-sô	asc-ti-soo
telex-mid	accordeon	accordeon
telex-mid	aceton	aceton
telex-mid	acetylen	acetylen
telex-mid	ách	asch
telex-mid	ạch	ajch
telex-mid	acid	acid
telex-mid	acmonica	acmonica
telex-mid	acquy	acquy
telex-mid	acre	acre
telex-mid	ADN	^a^d^n
telex-mid	adrenalin	adrenalin
telex-mid	afghani	afghani
telex-mid	Ag	^ag
telex-mid	ai	ai
telex-mid	ải	ari
telex-mid	ái	asi
telex-mid	AIDS	^a^i^d^s
telex-mid	AK	^a^k
telex-mid	Al	^al
telex-mid	album	album
telex-mid	albumin	albumin
telex-mid	alcaloid	alcaloid
telex-mid	aldehyd	aldehyd
telex-mid	ALGOL	^a^l^g^o^l
telex-mid	algorithm	algorithm
telex-mid	almanac	almanac
telex-mid	alô	aloo
telex-mid	alpha	alpha
telex-mid	alphabet	alphabet
telex-mid	alumin	alumin
telex-mid	am	am
telex-mid	AM	^a^m
telex-mid	am-mô-ni-ắc	am-moo-ni-awsc
telex-mid	am-pe	am-pe
telex-mid	am-pli	am-pli
telex-mid	am-pun	am-pun
telex-mid	ám	asm
telex-mid	amatơ	amatow
telex-mid	amen	amen
telex-mid	amian	amian
telex-mid	amib	amib
telex-mid	amiđan	amiddan
telex-mid	aminoacid	aminoacid
telex-mid	amip	amip
telex-mid	ammoniac	ammoniac
telex-mid	ampe	ampe
telex-mid	ampere	ampere
telex-mid	ampli	ampli
telex-mid	amygdal	amygdal
telex-mid	an	an
telex-mid	an-bom	an-bom
telex-mid	an-bu-min	an-bu-min
telex-mid	an-ca-lo-ít	an-ca-lo-ist
telex-mid	an-ca-lô-ít	an-ca-loo-ist
telex-mid	an-côn	an-coon
telex-mid	an-đe-hít	an-dde-hist
telex-mid	an-đê-hít	an-ddee-hist
telex-mid	an-gin	an-gin
telex-mid	an-go-rít	an-go-rist
telex-mid	an-gô-rít	an-goo-rist
telex-mid	an-két	an-kest
telex-mid	an-ma-nác	an-ma-nasc
telex-mid	an-pha	an-pha
telex-mid	an-pha-bê	an-pha-bee
telex-mid	an-te	an-te
telex-mid	an-ten	an-ten
telex-mid	an-ti-mon	an-ti-mon
telex-mid	an-ti-pi-rin	an-ti-pi-rin
telex-mid	an-tÒra-xít	an-t^ofra-xist
telex-mid	an-tô	an-too
telex-mid	an-tơ-ra-xít	an-tow-ra-xist
telex-mid	an-tra-xít	an-tra-xist
telex-mid	án	asn
telex-mid	anbom	anbom
telex-mid	anbum	anbum
telex-mid	anbumin	anbumin
telex-mid	ancaloit	ancaloit
telex-mid	anđehit	anddehit
telex-mid	ang	ang
telex-mid	ảng	arng
telex-mid	áng	asng
telex-mid	angorit	angorit
telex-mid	anh	anh
telex-mid	anh-te	anh-te
telex-mid	anh-te-phôn	anh-te-phoon
telex-mid	anh-te-ruýp-tơ	anh-te-ruysp-tow
telex-mid	ảnh	arnh
telex-mid	ánh	asnh
telex-mid	anmanac	anmanac
telex-mid	anod	anod
telex-mid	anofen	anofen
telex-mid	anot	anot
telex-mid	anpha	anpha
telex-mid	anten	anten
telex-mid	anthracit	anthracit
telex-mid	antimon	antimon
telex-mid	antipirin	antipirin
telex-mid	antraxit	antraxit
telex-mid	ANZUS	^a^n^z^u^s
telex-mid	ao	ao
telex-mid	ao-xơ	ao-xow
telex-mid	ào	afo
telex-mid	ảo	aro
telex-mid	áo	aso
telex-mid	áp	asp
telex-mid	áp-ga-ni	asp-ga-ni
telex-mid	áp-phe	asp-phe
telex-mid	áp-phích	asp-phisch
telex-mid	áp-xe	asp-xe
telex-mid	apacthai	apacthai
telex-mid	apatit	apatit
telex-mid	apphe	apphe
telex-mid	apphich	apphich
telex-mid	apxe	apxe
telex-mid	Ar	^ar
telex-mid	armonica	armonica
telex-mid	arsenic	arsenic
telex-mid	As	^as
telex-mid	ASEAN	^a^s^e^a^n
telex-mid	asen	asen
telex-mid	asphalt	asphalt
telex-mid	aspirin	aspirin
telex-mid	át	ast
telex-mid	át-lát	ast-last
telex-mid	át-mốt-phe	ast-moost-phe
telex-mid	át-phan	ast-phan
telex-mid	át-pi-rin	ast-pi-rin
telex-mid	át-xít	ast-xist
telex-mid	ATK	^a^t^k
telex-mid	atlas	atlas
telex-mid	atmosphe	atmosphe
telex-mid	atropin	atropin
telex-mid	au	au
telex-mid	Au	^au
telex-mid	au-xơ	au-xow
telex-mid	automat	automat
telex-mid	axetilen	axetilen
telex-mid	axeton	axeton
telex-mid	axit	axit
telex-mid	áy	asy
telex-mid	Ayun	^ayun
telex-mid	azot	azot
telex-mid	ă	aw
telex-mid	ắc	awsc
telex-mid	ắc-coóc	awsc-coosc
telex-mid	ắc-coóc-đê-ông	awsc-coosc-ddee-oong
telex-mid	ắc-ê	awsc-ee
telex-mid	ắc-qui	awsc-qui
telex-mid	ắc-quy	awsc-quy
telex-mid	ắc	awsc
telex-mid	ắc-xi-đăng	awsc-xi-ddawng
telex-mid	ặc	awjc
telex-mid	ăccoóc	awccoosc
telex-mid	ăccoócđêông	awccooscddeeoong
telex-mid	ăcquy	awcquy
telex-mid	ăm-bờ-ra-da	awm-bowf-ra-da
telex-mid	ăm-pe	awm-pe
telex-mid	ăm-pun	awm-pun
telex-mid	ẵm	awxm
telex-mid	ăn	awn
telex-mid	ăng-ga	awng-ga
telex-mid	ăng-ten	awng-ten
telex-mid	ăng-ti-gôn	awng-ti-goon
telex-mid	ăng-ti-moan	awng-ti-moan
telex-mid	ăng-tơ-ra-xit	awng-tow-ra-xit
telex-mid	ẳng	awrng
telex-mid	ắng	awsng
telex-mid	ăngten	awngten
telex-mid	ắp	awsp
telex-mid	ặp	awjp
telex-mid	ắt	awst
telex-mid	â	aa
telex-mid	ậc	aajc
telex-mid	âm	aam
telex-mid	ầm	aafm
telex-mid	ẩm	aarm
telex-mid	ấm	aasm
telex-mid	ân	aan
telex-mid	ẩn	aarn
telex-mid	ấn	aasn
telex-mid	ầng	aafng
telex-mid	ấp	aasp
telex-mid	ập	aajp
telex-mid	ất	aast
telex-mid	âu	aau
telex-mid	Âu-tây	^aau-taay
telex-mid	ẩu	aaru
telex-mid	ấu	aasu
telex-mid	ậu	aaju
telex-mid	ầy	aafy
telex-mid	ẩy	aary
telex-mid	ấy	aasy
telex-mid	b	b
telex-mid	B	^b
telex-mid	ba	ba
telex-mid	Ba	^ba
telex-mid	ba-dan	ba-dan
telex-mid	ba-dô-ca	ba-doo-ca
telex-mid	ba-dơ	ba-dow
telex-mid	ba-đờ-xuy	ba-ddowf-xuy
telex-mid	ba-ga	ba-ga
telex-mid	Ba-hi	^ba-hi
telex-mid	ba-ke-lit	ba-ke-lit
telex-mid	ba-ke-lít	ba-ke-list
telex-mid	ba-lát	ba-last
telex-mid	ba-lê	ba-lee
telex-mid	ba-lô	ba-loo
telex-mid	ba-lông	ba-loong
telex-mid	ba-ren	ba-ren
telex-mid	ba-ri	ba-ri
telex-mid	ba-ri-e	ba-ri-e
telex-mid	ba-ta	ba-ta
telex-mid	ba-tanh	ba-tanh
telex-mid	ba-tăng	ba-tawng
telex-mid	ba-tê	ba-tee
telex-mid	ba-tê-sô	ba-tee-soo
telex-mid	ba-ti-nê	ba-ti-nee
telex-mid	ba-toong	ba-toong
telex-mid	ba-tui	ba-tui
telex-mid	ba-za	ba-za
telex-mid	ba-zan	ba-zan
telex-mid	ba-zơ	ba-zow
telex-mid	bà	baf
telex-mid	bà-la-môn	baf-la-moon
telex-mid	bả	bar
telex-mid	bã	bax
telex-mid	bá	bas
telex-mid	bạ	baj
telex-mid	bác	basc
telex-mid	bạc	bajc
telex-mid	bách	basch
telex-mid	bạch	bajch
telex-mid	badôca	badooca
telex-mid	baht	baht
telex-mid	bai	bai
telex-mid	bai-t	bai-t
telex-mid	bài	bafi
telex-mid	bải	bari
telex-mid	bãi	baxi
telex-mid	bái	basi
telex-mid	bại	baji
telex-mid	bakelit	bakelit
telex-mid	balat	balat
telex-mid	balboa	balboa
telex-mid	balê	balee
telex-mid	ballad	ballad
telex-mid	ballast	ballast
telex-mid	balô	baloo
telex-mid	balông	baloong
telex-mid	bám	basm
telex-mid	bạm	bajm
telex-mid	ban	ban
telex-mid	ban-công	ban-coong
telex-mid	ban-giô	ban-gioo
telex-mid	ban-me	ban-me
telex-mid	bàn	bafn
telex-mid	bản	barn
telex-mid	bán	basn
telex-mid	bạn	bajn
telex-mid	bancông	bancoong
telex-mid	bang	bang
telex-mid	bàng	bafng
telex-mid	bảng	barng
telex-mid	báng	basng
telex-mid	banh	banh
telex-mid	bành	bafnh
telex-mid	bành-tô	bafnh-too
telex-mid	bảnh	barnh
telex-mid	bánh	basnh
telex-mid	bạnh	bajnh
telex-mid	banjo	banjo
telex-mid	bao	bao
telex-mid	bào	bafo
telex-mid	bảo	baro
telex-mid	bão	baxo
telex-mid	báo	baso
telex-mid	bạo	bajo
telex-mid	bar	bar
telex-mid	barem	barem
telex-mid	baren	baren
telex-mid	barie	barie
telex-mid	barrel	barrel
telex-mid	basalt	basalt
telex-mid	base	base
telex-mid	BASIC	^b^a^s^i^c
telex-mid	basoi	basoi
telex-mid	bát	bast
telex-mid	bát-két	bast-kest
telex-mid	bát-kết	bast-keest
telex-mid	bạt	bajt
telex-mid	bata	bata
telex-mid	batê	batee
telex-mid	batinê	batinee
telex-mid	batket	batket
telex-mid	batoong	batoong
telex-mid	batrui	batrui
telex-mid	bàu	bafu
telex-mid	báu	basu
telex-mid	bay	bay
telex-mid	bay-on-nét	bay-on-nest
telex-mid	bày	bafy
telex-mid	bảy	bary
telex-mid	bazan	bazan
telex-mid	bazooka	bazooka
telex-mid	bazơ	bazow
telex-mid	bắc	bawsc
telex-mid	băm	bawm
telex-mid	bằm	bawfm
telex-mid	bặm	bawjm
telex-mid	bẳn	bawrn
telex-mid	bắn	bawsn
telex-mid	băng	bawng
telex-mid	băng-ca	bawng-ca
telex-mid	băng-giô	bawng-gioo
telex-mid	băng-rôn	bawng-roon
telex-mid	băng-túp	bawng-tusp
telex-mid	bằng	bawfng
telex-mid	bẵng	bawxng
telex-mid	băngca	bawngca
telex-mid	bắp	bawsp
telex-mid	bặp	bawjp
telex-mid	bắt	bawst
telex-mid	bắt-tê	bawst-tee
telex-mid	bặt	bawjt
telex-mid	bấc	baasc
telex-mid	bậc	baajc
telex-mid	bầm	baafm
telex-mid	bẩm	baarm
telex-mid	bẫm	baaxm
telex-mid	bấm	baasm
telex-mid	bậm	baajm
telex-mid	bần	baafn
telex-mid	bẩn	baarn
telex-mid	bấn	baasn
telex-mid	bận	baajn
telex-mid	bầng	baafng
telex-mid	bấng	baasng
telex-mid	bậng	baajng
telex-mid	bập	baajp
telex-mid	bất	baast
telex-mid	bật	baajt
telex-mid	bâu	baau
telex-mid	bầu	baafu
telex-mid	bấu	baasu
telex-mid	bậu	baaju
telex-mid	bây	baay
telex-mid	bầy	baafy
telex-mid	bẩy	baary
telex-mid	bẫy	baaxy
telex-mid	bấy	baasy
telex-mid	bậy	baajy
telex-mid	BBC	^b^b^c
telex-mid	BCH	^b^c^h
telex-mid	BCT	^b^c^t
telex-mid	be	be
telex-mid	be-ri-li	be-ri-li
telex-mid	bè	bef
telex-mid	bẻ	ber
telex-mid	bẽ	bex
telex-mid	bé	bes
telex-mid	bẹ	bej
telex-mid	béc-giê	besc-giee
telex-mid	becgiê	becgiee
telex-mid	bem	bem
telex-mid	bẻm	berm
telex-mid	ben	ben
telex-mid	ben-den	ben-den
telex-mid	ben-tô-nít	ben-too-nist
telex-mid	ben-zen	ben-zen
telex-mid	bèn	befn
telex-mid	bẽn	bexn
telex-mid	bén	besn
telex-mid	bẹn	bejn
telex-mid	beng	beng
telex-mid	béng	besng
telex-mid	benzen	benzen
telex-mid	beo	beo
telex-mid	bèo	befo
telex-mid	bẻo	bero
telex-mid	béo	beso
telex-mid	bẹo	bejo
telex-mid	bép	besp
telex-mid	bẹp	bejp
telex-mid	bét	best
telex-mid	bẹt	bejt
telex-mid	beta	beta
telex-mid	bê	bee
telex-mid	bê-rê	bee-ree
telex-mid	bê-ta	bee-ta
telex-mid	bê-tông	bee-toong
telex-mid	bề	beef
telex-mid	bể	beer
telex-mid	bễ	beex
telex-mid	bế	bees
telex-mid	bệ	beej
telex-mid	bệch	beejch
telex-mid	bên	been
telex-mid	bền	beefn
telex-mid	bển	beern
telex-mid	bến	beesn
telex-mid	bện	beejn
telex-mid	bênh	beenh
telex-mid	bềnh	beefnh
telex-mid	bệnh	beejnh
telex-mid	bếp	beesp
telex-mid	bêrê	beeree
telex-mid	bết	beest
telex-mid	bệt	beejt
telex-mid	bêta	beeta
telex-mid	bêtông	beetoong
telex-mid	bêu	beeu
telex-mid	bệu	beeju
telex-mid	Bhallê	^bhallee
telex-mid	bi	bi
telex-mid	Bi	^bi
telex-mid	bi-a	bi-a
telex-mid	bi-ăng-tin	bi-awng-tin
telex-mid	bi-da	bi-da
telex-mid	bi-da-ma	bi-da-ma
telex-mid	bi-dăng-tin	bi-dawng-tin
telex-mid	bi-đông	bi-ddoong
telex-mid	bi-ki-ni	bi-ki-ni
telex-mid	bi-tum	bi-tum
telex-mid	bì	bif
telex-mid	bỉ	bir
telex-mid	bĩ	bix
telex-mid	bí	bis
telex-mid	bị	bij
telex-mid	bia	bia
telex-mid	bìa	bifa
telex-mid	bịa	bija
telex-mid	bích	bisch
telex-mid	bích-cốt	bisch-coost
telex-mid	bích-qui	bisch-qui
telex-mid	bích-quy	bisch-quy
telex-mid	bích-toong	bisch-toong
telex-mid	bịch	bijch
telex-mid	bichcôt	bichcoot
telex-mid	bichquy	bichquy
telex-mid	bida	bida
telex-mid	biđông	biddoong
telex-mid	biếc	bieesc
telex-mid	biếm	bieesm
telex-mid	biên	bieen
telex-mid	biền	bieefn
telex-mid	biển	bieern
telex-mid	biến	bieesn
telex-mid	biện	bieejn
telex-mid	biếng	bieesng
telex-mid	Biêt	^bieet
telex-mid	biết	bieest
telex-mid	biệt	bieejt
telex-mid	biểu	bieeru
telex-mid	biếu	bieesu
telex-mid	Bih	^bih
telex-mid	bìm	bifm
telex-mid	bỉm	birm
telex-mid	bím	bism
telex-mid	bin	bin
telex-mid	bin-đinh	bin-ddinh
telex-mid	bín	bisn
telex-mid	bịn	bijn
telex-mid	binđinh	binddinh
telex-mid	binh	binh
telex-mid	bình	bifnh
telex-mid	bình-toong	bifnh-toong
telex-mid	bĩnh	bixnh
telex-mid	bính	bisnh
telex-mid	bịnh	bijnh
telex-mid	bíp	bisp
telex-mid	bíp-tết	bisp-teest
telex-mid	bịp	bijp
telex-mid	biptêt	bipteet
telex-mid	birr	birr
telex-mid	bis	bis
telex-mid	bismut	bismut
telex-mid	bít	bist
telex-mid	bít-cốt	bist-coost
telex-mid	bít-mút	bist-must
telex-mid	bít-quy	bist-quy
telex-mid	bít-tết	bist-teest
telex-mid	bít-tông	bist-toong
telex-mid	bịt	bijt
telex-mid	bitcôt	bitcoot
telex-mid	bitum	bitum
telex-mid	bìu	bifu
telex-mid	bĩu	bixu
telex-mid	bíu	bisu
telex-mid	bịu	biju
telex-mid	bloc	bloc
telex-mid	Blô	^bloo
telex-mid	blốc	bloosc
telex-mid	blu	blu
telex-mid	blu-dông	blu-doong
telex-mid	bo	bo
telex-mid	Bo	^bo
telex-mid	bo-nê	bo-nee
telex-mid	bò	bof
telex-mid	bỏ	bor
telex-mid	bõ	box
telex-mid	bó	bos
telex-mid	bọ	boj
telex-mid	boa	boa
telex-mid	bobin	bobin
telex-mid	bóc	bosc
telex-mid	bọc	bojc
telex-mid	bòi	bofi
telex-mid	bỏi	bori
telex-mid	bói	bosi
telex-mid	bolivar	bolivar
telex-mid	boliviano	boliviano
telex-mid	bom	bom
telex-mid	bom-bê	bom-bee
telex-mid	bòm	bofm
telex-mid	bõm	boxm
telex-mid	bombê	bombee
telex-mid	bon	bon
telex-mid	bon-nê	bon-nee
telex-mid	bon-sê-vích	bon-see-visch
telex-mid	bòn	bofn
telex-mid	bón	bosn
telex-mid	bọn	bojn
telex-mid	bong	bong
telex-mid	bòng	bofng
telex-mid	bỏng	borng
telex-mid	bóng	bosng
telex-mid	bọng	bojng
telex-mid	bonsevich	bonsevich
telex-mid	boóc-đô	boosc-ddoo
telex-mid	boóc-tê	boosc-tee
telex-mid	boong	boong
telex-mid	boong-ke	boong-ke
telex-mid	boóng	boosng
telex-mid	boongke	boongke
telex-mid	bóp	bosp
telex-mid	bọp	bojp
telex-mid	bót	bost
telex-mid	bọt	bojt
telex-mid	box	box
telex-mid	bô	boo
telex-mid	bô-bin	boo-bin
telex-mid	bô-đê	boo-ddee
telex-mid	bô-xít	boo-xist
telex-mid	bồ	boof
telex-mid	bồ-tạt	boof-tajt
telex-mid	bổ	boor
telex-mid	bố	boos
telex-mid	bộ	booj
telex-mid	bôbin	boobin
telex-mid	bốc	boosc
telex-mid	bốc-can	boosc-can
telex-mid	bốc-xít	boosc-xist
telex-mid	bốc-xơ	boosc-xow
telex-mid	bôđê	booddee
telex-mid	bôi	booi
telex-mid	bồi	boofi
telex-mid	bổi	boori
telex-mid	bối	boosi
telex-mid	bội	booji
telex-mid	bôm	boom
telex-mid	bôm-bay	boom-bay
telex-mid	bồm	boofm
telex-mid	bôn	boon
telex-mid	bôn-sê-vích	boon-see-visch
telex-mid	bồn	boofn
telex-mid	bổn	boorn
telex-mid	bốn	boosn
telex-mid	bộn	boojn
telex-mid	bông	boong
telex-mid	bông-bay	boong-bay
telex-mid	bông-xoa	boong-xoa
telex-mid	bồng	boofng
telex-mid	bổng	boorng
telex-mid	bỗng	booxng
telex-mid	bống	boosng
telex-mid	bộng	boojng
telex-mid	bônsêvich	boonseevich
telex-mid	bốp	boosp
telex-mid	bộp	boojp
telex-mid	bốt	boost
telex-mid	bốt-can	boost-can
telex-mid	bốt-sét	boost-sest
telex-mid	bốt-tin	boost-tin
telex-mid	bột	boojt
telex-mid	bơ	bow
telex-mid	bơ-lu-dông	bow-lu-doong
telex-mid	Bơ-mấm	^bow-maasm
telex-mid	Bơ-noong	^bow-noong
telex-mid	bơ-rơ-vê	bow-row-vee
telex-mid	bờ	bowf
telex-mid	bờ-lăng-tông	bowf-lawng-toong
telex-mid	bờ-lu	bowf-lu
telex-mid	bờ-lu-dông	bowf-lu-doong
telex-mid	bờ-rát-xa	bowf-rast-xa
telex-mid	bở	bowr
telex-mid	bớ	bows
telex-mid	bợ	bowj
telex-mid	bơi	bowi
telex-mid	bời	bowfi
telex-mid	bởi	bowri
telex-mid	bới	bowsi
telex-mid	bơm	bowm
telex-mid	bờm	bowfm
telex-mid	bợm	bowjm
telex-mid	bơn	bown
telex-mid	bỡn	bowxn
telex-mid	bớn	bowsn
telex-mid	bợn	bowjn
telex-mid	bớp	bowsp
telex-mid	bợp	bowjp
telex-mid	bớt	bowst
telex-mid	bợt	bowjt
telex-mid	Br	^br
telex-mid	Braian	^braian
telex-mid	Brao	^brao
telex-mid	Brâu	^braau
telex-mid	bro-mua	bro-mua
telex-mid	brom	brom
telex-mid	brôm	broom
telex-mid	Bru	^bru
telex-mid	BS	^b^s
telex-mid	bu	bu
telex-mid	Bu-Đâng	^bu-^ddaang
telex-mid	bu-gi	bu-gi
telex-mid	bu-lông	bu-loong
telex-mid	bù	buf
telex-mid	bù-ét	buf-est
telex-mid	bù-loong	buf-loong
telex-mid	bủ	bur
telex-mid	bú	bus
telex-mid	bụ	buj
telex-mid	bua	bua
telex-mid	bùa	bufa
telex-mid	bủa	bura
telex-mid	búa	busa
telex-mid	bục	bujc
telex-mid	bugi	bugi
telex-mid	bui	bui
telex-mid	bùi	bufi
telex-mid	búi	busi
telex-mid	bụi	buji
telex-mid	buji	buji
telex-mid	bulông	buloong
telex-mid	bùm	bufm
telex-mid	bủm	burm
telex-mid	bụm	bujm
telex-mid	bùn	bufn
telex-mid	bủn	burn
telex-mid	bún	busn
telex-mid	bung	bung
telex-mid	bùng	bufng
telex-mid	bủng	burng
telex-mid	búng	busng
telex-mid	bụng	bujng
telex-mid	bunke	bunke
telex-mid	bunker	bunker
telex-mid	buộc	buoojc
telex-mid	buồi	buoofi
telex-mid	buổi	buoori
telex-mid	buồm	buoofm
telex-mid	buôn	buoon
telex-mid	buồn	buoofn
telex-mid	buông	buoong
telex-mid	buồng	buoofng
telex-mid	buốt	buoost
telex-mid	buột	buoojt
telex-mid	búp	busp
telex-mid	búp-bê	busp-bee
telex-mid	búp-phê	busp-phee
telex-mid	bụp	bujp
telex-mid	bupbê	bupbee
telex-mid	bupphê	bupphee
telex-mid	bút	bust
telex-mid	bụt	bujt
telex-mid	buy-rô	buy-roo
telex-mid	buy-vét	buy-vest
telex-mid	buýp-phê	buysp-phee
telex-mid	buýt	buyst
telex-mid	bứ	buws
telex-mid	bự	buwj
telex-mid	bưa	buwa
telex-mid	bừa	buwfa
telex-mid	bửa	buwra
telex-mid	bữa	buwxa
telex-mid	bứa	buwsa
telex-mid	bựa	buwja
telex-mid	bức	buwsc
telex-mid	bực	buwjc
telex-mid	bưng	buwng
telex-mid	bừng	buwfng
telex-mid	bửng	buwrng
telex-mid	bứng	buwsng
telex-mid	bựng	buwjng
telex-mid	bước	buwowsc
telex-mid	bươi	buwowi
telex-mid	bưởi	buwowri
telex-mid	Bưởi	^buwowri
telex-mid	bươm	buwowm
telex-mid	bướm	buwowsm
telex-mid	bươn	buwown
telex-mid	bương	buwowng
telex-mid	bướng	buwowsng
telex-mid	bướp	buwowsp
telex-mid	bươu	buwowu
telex-mid	bướu	buwowsu
telex-mid	bứt	buwst
telex-mid	bựt	buwjt
telex-mid	byte	byte
telex-mid	c	c
telex-mid	C	^c
telex-mid	ca	ca
telex-mid	Ca	^ca
telex-mid	CA	^c^a
telex-mid	ca-bi-nê	ca-bi-nee
telex-mid	ca-bin	ca-bin
telex-mid	ca-cao	ca-cao
telex-mid	Ca-chiu-sa	^ca-chiu-sa
telex-mid	Ca-dong	^ca-dong
telex-mid	ca-đi-mi	ca-ddi-mi
telex-mid	ca-đô	ca-ddoo
telex-mid	ca-ki	ca-ki
telex-mid	ca-la-thầu	ca-la-thaafu
telex-mid	ca-li	ca-li
telex-mid	ca-li-cô	ca-li-coo
telex-mid	ca-li-fo-ni	ca-li-fo-ni
telex-mid	ca-li-tê	ca-li-tee
telex-mid	ca-líp	ca-lisp
telex-mid	ca-lo	ca-lo
telex-mid	ca-lô	ca-loo
telex-mid	ca-me-ra	ca-me-ra
telex-mid	ca-men	ca-men
telex-mid	ca-mê-ra	ca-mee-ra
telex-mid	ca-mi-nhông	ca-mi-nhoong
telex-mid	ca-mi-ông	ca-mi-oong
telex-mid	ca-na-pê	ca-na-pee
telex-mid	ca-níp	ca-nisp
telex-mid	ca-nô	ca-noo
telex-mid	ca-nông	ca-noong
telex-mid	ca-phê-in	ca-phee-in
telex-mid	ca-pô	ca-poo
telex-mid	ca-pốt	ca-poost
telex-mid	ca-ra	ca-ra
telex-mid	ca-ra-te	ca-ra-te
telex-mid	ca-rê	ca-ree
telex-mid	ca-ri	ca-ri
telex-mid	ca-rô	ca-roo
telex-mid	ca-rô-ten	ca-roo-ten
telex-mid	ca-sê	ca-see
telex-mid	ca-sô	ca-soo
telex-mid	ca-ta-lô	ca-ta-loo
telex-mid	Ca-tang	^ca-tang
telex-mid	ca-ti-on	ca-ti-on
telex-mid	ca-ti-ôn	ca-ti-oon
telex-mid	ca-tốt	ca-toost
telex-mid	ca-vát	ca-vast
telex-mid	ca-vét	ca-vest
telex-mid	cà	caf
telex-mid	cà-mèn	caf-mefn
telex-mid	cà-phê	caf-phee
telex-mid	cà-phê	caf-phee
telex-mid	cà-rem	caf-rem
telex-mid	cà-ri	caf-ri
telex-mid	cà-rốt	caf-roost
telex-mid	cà-rốt	caf-roost
telex-mid	cà-vạt	caf-vajt
telex-mid	cả	car
telex-mid	cá	cas
telex-mid	cạ	caj
telex-mid	cabin	cabin
telex-mid	các	casc
telex-mid	các-bin	casc-bin
telex-mid	các-bo-nát	casc-bo-nast
telex-mid	các-bon	casc-bon
telex-mid	các-bon-nát	casc-bon-nast
telex-mid	các-bon-ních	casc-bon-nisch
telex-mid	các-bua	casc-bua
telex-mid	các-táp	casc-tasp
telex-mid	các-ten	casc-ten
telex-mid	các-tông	casc-toong
telex-mid	các-tơ	casc-tow
telex-mid	các-vi-dít	casc-vi-dist
telex-mid	các-xtơ	casc-xtow
telex-mid	cạc	cajc
telex-mid	cacao	cacao
telex-mid	cacbin	cacbin
telex-mid	cacbon	cacbon
telex-mid	cacbonat	cacbonat
telex-mid	cacbua	cacbua
telex-mid	cách	casch
telex-mid	cạch	cajch
telex-mid	cacten	cacten
telex-mid	cactông	cactoong
telex-mid	cadmium	cadmium
telex-mid	cafein	cafein
telex-mid	cafê	cafee
telex-mid	cai	cai
telex-mid	cài	cafi
telex-mid	cải	cari
telex-mid	cãi	caxi
telex-mid	cái	casi
telex-mid	cal	cal
telex-mid	calcium	calcium
telex-mid	calib	calib
telex-mid	calo	calo
telex-mid	calô	caloo
telex-mid	cam	cam
telex-mid	cam-nhông	cam-nhoong
telex-mid	càm	cafm
telex-mid	cảm	carm
telex-mid	cám	casm
telex-mid	cạm	cajm
telex-mid	camera	camera
telex-mid	camnhông	camnhoong
telex-mid	can	can
telex-mid	can-đê-la	can-ddee-la
telex-mid	can-đơ-la	can-ddow-la
telex-mid	can-ke	can-ke
telex-mid	can-kê	can-kee
telex-mid	Can-tua	^can-tua
telex-mid	can-xi	can-xi
telex-mid	càn	cafn
telex-mid	cản	carn
telex-mid	cán	casn
telex-mid	cạn	cajn
telex-mid	candela	candela
telex-mid	càng	cafng
telex-mid	cảng	carng
telex-mid	cáng	casng
telex-mid	canh	canh
telex-mid	canh-ki-na	canh-ki-na
telex-mid	cành	cafnh
telex-mid	cảnh	carnh
telex-mid	cánh	casnh
telex-mid	cạnh	cajnh
telex-mid	canhkina	canhkina
telex-mid	canke	canke
telex-mid	canon	canon
telex-mid	canô	canoo
telex-mid	canông	canoong
telex-mid	canxi	canxi
telex-mid	cao	cao
telex-mid	Cao	^cao
telex-mid	cao-bồi	cao-boofi
telex-mid	cao-đài	cao-ddafi
telex-mid	cao-lanh	cao-lanh
telex-mid	cao-su	cao-su
telex-mid	cào	cafo
telex-mid	cảo	caro
telex-mid	cáo	caso
telex-mid	cạo	cajo
telex-mid	caolanh	caolanh
telex-mid	caosu	caosu
telex-mid	cáp	casp
telex-mid	cạp	cajp
telex-mid	cara	cara
telex-mid	carate	carate
telex-mid	carbin	carbin
telex-mid	carbon	carbon
telex-mid	carbonat	carbonat
telex-mid	carbur	carbur
telex-mid	cari	cari
telex-mid	carô	caroo
telex-mid	cartel	cartel
telex-mid	casino	casino
telex-mid	casset	casset
telex-mid	cát	cast
telex-mid	cát-két	cast-kest
telex-mid	cát-mi	cast-mi
telex-mid	cát-sê	cast-see
telex-mid	cát-xét	cast-xest
telex-mid	catalô	cataloo
telex-mid	cathod	cathod
telex-mid	cation	cation
telex-mid	catket	catket
telex-mid	catôt	catoot
telex-mid	catsê	catsee
telex-mid	catxet	catxet
telex-mid	cau	cau
telex-mid	cáu	casu
telex-mid	cạu	caju
telex-mid	cavat	cavat
telex-mid	cave	cave
telex-mid	cay	cay
telex-mid	cày	cafy
telex-mid	Cày	^cafy
telex-mid	cáy	casy
telex-mid	cạy	cajy
telex-mid	cắc	cawsc
telex-mid	cắc-tê	cawsc-tee
telex-mid	cặc	cawjc
telex-mid	căm	cawm
telex-mid	cằm	cawfm
telex-mid	cắm	cawsm
telex-mid	cặm	cawjm
telex-mid	căn	cawn
telex-mid	căn-tin	cawn-tin
telex-mid	cằn	cawfn
telex-mid	cắn	cawsn
telex-mid	cặn	cawjn
telex-mid	căng	cawng
telex-mid	căng-tin	cawng-tin
telex-mid	cẳng	cawrng
telex-mid	cẵng	cawxng
telex-mid	cắng	cawsng
telex-mid	căngtin	cawngtin
telex-mid	cắp	cawsp
telex-mid	cặp	cawjp
telex-mid	cắt	cawst
telex-mid	cấc	caasc
telex-mid	câm	caam
telex-mid	cầm	caafm
telex-mid	cẩm	caarm
telex-mid	cấm	caasm
telex-mid	cân	caan
telex-mid	cần	caafn
telex-mid	cẩn	caarn
telex-mid	cấn	caasn
telex-mid	cận	caajn
telex-mid	câng	caang
telex-mid	cẫng	caaxng
telex-mid	cấp	caasp
telex-mid	cập	caajp
telex-mid	cất	caast
telex-mid	cật	caajt
telex-mid	câu	caau
telex-mid	câu-rút	caau-rust
telex-mid	cầu	caafu
telex-mid	cẩu	caaru
telex-mid	cấu	caasu
telex-mid	cậu	caaju
telex-mid	cây	caay
telex-mid	cầy	caafy
telex-mid	cấy	caasy
telex-mid	cậy	caajy
telex-mid	CC	^c^c
telex-mid	cc	cc
telex-mid	Cd	^cd
telex-mid	CD	^c^d
telex-mid	CD-ROM	^c^d-^r^o^m
telex-mid	cedi	cedi
telex-mid	cello	cello
telex-mid	cellulos	cellulos
telex-mid	Celsius	^celsius
telex-mid	cen-ti-mét	cen-ti-mest
telex-mid	centi-	centi-
telex-mid	CH	^c^h
telex-mid	cha	cha
telex-mid	Cha-cú	^cha-cus
telex-mid	chà	chaf
telex-mid	chả	char
telex-mid	chạ	chaj
telex-mid	chác	chasc
telex-mid	chạc	chajc
telex-mid	chách	chasch
telex-mid	chạch	chajch
telex-mid	chai	chai
telex-mid	chài	chafi
telex-mid	chải	chari
telex-mid	chái	chasi
telex-mid	chàm	chafm
telex-mid	Chàm	^chafm
telex-mid	chạm	chajm
telex-mid	chan	chan
telex-mid	chán	chasn
telex-mid	chạn	chajn
telex-mid	chang	chang
telex-mid	chàng	chafng
telex-mid	chạng	chajng
telex-mid	chanh	chanh
telex-mid	chành	chafnh
telex-mid	chánh	chasnh
telex-mid	chạnh	chajnh
telex-mid	chao	chao
telex-mid	chào	chafo
telex-mid	chảo	charo
telex-mid	chão	chaxo
telex-mid	cháo	chaso
telex-mid	chạo	chajo
telex-mid	chạp	chajp
telex-mid	chát	chast
telex-mid	chạt	chajt
telex-mid	chau	chau
telex-mid	chảu	charu
telex-mid	cháu	chasu
telex-mid	chay	chay
telex-mid	chày	chafy
telex-mid	chảy	chary
telex-mid	cháy	chasy
telex-mid	chạy	chajy
telex-mid	chắc	chawsc
telex-mid	chặc	chawjc
telex-mid	chăm	chawm
telex-mid	Chăm	^chawm
telex-mid	Chăm-rê	^chawm-ree
telex-mid	chằm	chawfm
telex-mid	chắm	chawsm
telex-mid	chặm	chawjm
telex-mid	chăn	chawn
telex-mid	chằn	chawfn
telex-mid	chẵn	chawxn
telex-mid	chắn	chawsn
telex-mid	chặn	chawjn
telex-mid	chăng	chawng
telex-mid	chằng	chawfng
telex-mid	chẳng	chawrng
telex-mid	chặng	chawjng
telex-mid	chắp	chawsp
telex-mid	chặp	chawjp
telex-mid	chắt	chawst
telex-mid	chặt	chawjt
telex-mid	chậc	chaajc
telex-mid	châm	chaam
telex-mid	chầm	chaafm
telex-mid	chẩm	chaarm
telex-mid	chấm	chaasm
telex-mid	chậm	chaajm
telex-mid	chân	chaan
telex-mid	chần	chaafn
telex-mid	chẩn	chaarn
telex-mid	chấn	chaasn
telex-mid	chận	chaajn
telex-mid	chấp	chaasp
telex-mid	chập	chaajp
telex-mid	chất	chaast
telex-mid	chật	chaajt
telex-mid	châu	chaau
telex-mid	Châu	^chaau
telex-mid	Châu-ro	^chaau-ro
telex-mid	chầu	chaafu
telex-mid	chẩu	chaaru
telex-mid	chấu	chaasu
telex-mid	chậu	chaaju
telex-mid	chây	chaay
telex-mid	chầy	chaafy
telex-mid	chấy	chaasy
telex-mid	chậy	chaajy
telex-mid	CHDC	^c^h^d^c
telex-mid	che	che
telex-mid	chè	chef
telex-mid	chẻ	cher
telex-mid	chẽ	chex
telex-mid	ché	ches
telex-mid	chém	chesm
telex-mid	chen	chen
telex-mid	chèn	chefn
telex-mid	chẽn	chexn
telex-mid	chén	chesn
telex-mid	chẹn	chejn
telex-mid	cheo	cheo
telex-mid	chèo	chefo
telex-mid	chẻo	chero
telex-mid	chéo	cheso
telex-mid	chép	chesp
telex-mid	chét	chest
telex-mid	chẹt	chejt
telex-mid	chê	chee
telex-mid	chế	chees
telex-mid	chếch	cheesch
telex-mid	chệch	cheejch
telex-mid	chêm	cheem
telex-mid	chênh	cheenh
telex-mid	chếp	cheesp
telex-mid	chết	cheest
telex-mid	chệt	cheejt
telex-mid	chi	chi
telex-mid	chi-hua-hua	chi-hua-hua
telex-mid	chì	chif
telex-mid	chỉ	chir
telex-mid	chí	chis
telex-mid	Chí-phèo	^chis-phefo
telex-mid	chị	chij
telex-mid	chia	chia
telex-mid	chìa	chifa
telex-mid	chĩa	chixa
telex-mid	chía	chisa
telex-mid	chích	chisch
telex-mid	chiếc	chieesc
telex-mid	chiệc	chieejc
telex-mid	chiêm	chieem
telex-mid	chiếm	chieesm
telex-mid	chiên	chieen
telex-mid	chiền	chieefn
telex-mid	chiến	chieesn
telex-mid	chiêng	chieeng
telex-mid	chiềng	chieefng
telex-mid	chiếng	chieesng
telex-mid	chiếp	chieesp
telex-mid	chiết	chieest
telex-mid	chiêu	chieeu
telex-mid	chiều	chieefu
telex-mid	chiểu	chieeru
telex-mid	chiếu	chieesu
telex-mid	Chil	^chil
telex-mid	chim	chim
telex-mid	chìm	chifm
telex-mid	chỉn	chirn
telex-mid	chín	chisn
telex-mid	chịn	chijn
telex-mid	chình	chifnh
telex-mid	chỉnh	chirnh
telex-mid	chĩnh	chixnh
telex-mid	chính	chisnh
telex-mid	chíp	chisp
telex-mid	chít	chist
telex-mid	chịt	chijt
telex-mid	chíu	chisu
telex-mid	chịu	chiju
telex-mid	chlor	chlor
telex-mid	chlorat	chlorat
telex-mid	chlorur	chlorur
telex-mid	cho	cho
telex-mid	chò	chof
telex-mid	chỏ	chor
telex-mid	Chỏ	^chor
telex-mid	chõ	chox
telex-mid	chó	chos
telex-mid	chọ	choj
telex-mid	choa	choa
telex-mid	choá	choas
telex-mid	choác	choasc
telex-mid	choạc	choajc
telex-mid	choai	choai
telex-mid	choài	choafi
telex-mid	choãi	choaxi
telex-mid	choái	choasi
telex-mid	choại	choaji
telex-mid	choán	choasn
telex-mid	choang	choang
telex-mid	choàng	choafng
telex-mid	choảng	choarng
telex-mid	choáng	choasng
telex-mid	choạng	choajng
telex-mid	choắt	choawst
telex-mid	chóc	chosc
telex-mid	chọc	chojc
telex-mid	choé	choes
telex-mid	choẹ	choej
telex-mid	choèn	choefn
telex-mid	choẹt	choejt
telex-mid	chòi	chofi
telex-mid	chỏi	chori
telex-mid	chói	chosi
telex-mid	chọi	choji
telex-mid	Chom	^chom
telex-mid	chòm	chofm
telex-mid	chỏm	chorm
telex-mid	chõm	choxm
telex-mid	chọn	chojn
telex-mid	chong	chong
telex-mid	chòng	chofng
telex-mid	chỏng	chorng
telex-mid	chõng	choxng
telex-mid	chóng	chosng
telex-mid	choòng	choofng
telex-mid	chóp	chosp
telex-mid	chót	chost
telex-mid	chồ	choof
telex-mid	chỗ	choox
telex-mid	chộ	chooj
telex-mid	chốc	choosc
telex-mid	chồi	choofi
telex-mid	chổi	choori
telex-mid	chỗi	chooxi
telex-mid	chối	choosi
telex-mid	chôm	choom
telex-mid	chồm	choofm
telex-mid	chôn	choon
telex-mid	chồn	choofn
telex-mid	chốn	choosn
telex-mid	chông	choong
telex-mid	chồng	choofng
telex-mid	chổng	choorng
telex-mid	chống	choosng
telex-mid	chốp	choosp
telex-mid	chộp	choojp
telex-mid	chốt	choost
telex-mid	chột	choojt
telex-mid	Chơ-rai	^chow-rai
telex-mid	Chơ-ro	^chow-ro
telex-mid	Chơ-ru	^chow-ru
telex-mid	chờ	chowf
telex-mid	Chờ	^chowf
telex-mid	chở	chowr
telex-mid	chớ	chows
telex-mid	chợ	chowj
telex-mid	chơi	chowi
telex-mid	chờm	chowfm
telex-mid	chớm	chowsm
telex-mid	chơn	chown
telex-mid	chờn	chowfn
telex-mid	chớn	chowsn
telex-mid	chợn	chowjn
telex-mid	chớp	chowsp
telex-mid	chợp	chowjp
telex-mid	chợt	chowjt
telex-mid	chrom	chrom
telex-mid	chu	chu
telex-mid	Chu-ru	^chu-ru
telex-mid	chù	chuf
telex-mid	Chù	^chuf
telex-mid	chủ	chur
telex-mid	chú	chus
telex-mid	chua	chua
telex-mid	chùa	chufa
telex-mid	chúa	chusa
telex-mid	chuẩn	chuaarn
telex-mid	chúc	chusc
telex-mid	chục	chujc
telex-mid	chui	chui
telex-mid	chùi	chufi
telex-mid	chũi	chuxi
telex-mid	chúi	chusi
telex-mid	chum	chum
telex-mid	chùm	chufm
telex-mid	chủm	churm
telex-mid	chũm	chuxm
telex-mid	chúm	chusm
telex-mid	chụm	chujm
telex-mid	chun	chun
telex-mid	chùn	chufn
telex-mid	chủn	churn
telex-mid	chung	chung
telex-mid	chùng	chufng
telex-mid	chủng	churng
telex-mid	chúng	chusng
telex-mid	chuốc	chuoosc
telex-mid	chuộc	chuoojc
telex-mid	chuôi	chuooi
telex-mid	chuồi	chuoofi
telex-mid	chuỗi	chuooxi
telex-mid	chuối	chuoosi
telex-mid	chuội	chuooji
telex-mid	chuôm	chuoom
telex-mid	chuồn	chuoofn
telex-mid	chuông	chuoong
telex-mid	chuồng	chuoofng
telex-mid	chuộng	chuoojng
telex-mid	chuốt	chuoost
telex-mid	chuột	chuoojt
telex-mid	chụp	chujp
telex-mid	chút	chust
telex-mid	chụt	chujt
telex-mid	chùy	chufy
telex-mid	chuỳ	chuyf
telex-mid	chuyên	chuyeen
telex-mid	chuyền	chuyeefn
telex-mid	chuyển	chuyeern
telex-mid	chuyến	chuyeesn
telex-mid	chuyện	chuyeejn
telex-mid	chư	chuw
telex-mid	chừ	chuwf
telex-mid	chữ	chuwx
telex-mid	chứ	chuws
telex-mid	chưa	chuwa
telex-mid	chừa	chuwfa
telex-mid	chửa	chuwra
telex-mid	chữa	chuwxa
telex-mid	chứa	chuwsa
telex-mid	chức	chuwsc
telex-mid	chực	chuwjc
telex-mid	chửi	chuwri
telex-mid	chưn	chuwn
telex-mid	chưng	chuwng
telex-mid	chừng	chuwfng
telex-mid	chửng	chuwrng
telex-mid	chững	chuwxng
telex-mid	chứng	chuwsng
telex-mid	chựng	chuwjng
telex-mid	chước	chuwowsc
telex-mid	chưởì	chuwowrif
telex-mid	chưởi	chuwowri
telex-mid	chườm	chuwowfm
telex-mid	chương	chuwowng
telex-mid	chương-đài	chuwowng-ddafi
telex-mid	chường	chuwowfng
telex-mid	chưởng	chuwowrng
telex-mid	chướng	chuwowsng
telex-mid	chượp	chuwowjp
telex-mid	Chứt	^chuwst
telex-mid	CHXHCN	^c^h^x^h^c^n
telex-mid	CIF	^c^i^f
telex-mid	Cl	^cl
telex-mid	cla-ri-nét	cla-ri-nest
telex-mid	cla-vét	cla-vest
telex-mid	clanh-ke	clanh-ke
telex-mid	clarinet	clarinet
telex-mid	CLB	^c^l^b
telex-mid	clê-a-rin	clee-a-rin
telex-mid	cli-sê	cli-see
telex-mid	clin-ke	clin-ke
telex-mid	clinke	clinke
telex-mid	clinker	clinker
telex-mid	clo	clo
telex-mid	clo-rát	clo-rast
telex-mid	clo-rua	clo-rua
telex-mid	clorat	clorat
telex-mid	clorua	clorua
telex-mid	cm	cm
telex-mid	CM	^c^m
telex-mid	CN	^c^n
telex-mid	CNTB	^c^n^t^b
telex-mid	CNXH	^c^n^x^h
telex-mid	co	co
telex-mid	Co	^co
telex-mid	co-ban	co-ban
telex-mid	co-lo-phan	co-lo-phan
telex-mid	co-sin	co-sin
telex-mid	co-tang	co-tang
telex-mid	cò	cof
telex-mid	cò-mi	cof-mi
telex-mid	cỏ	cor
telex-mid	cỏ-vê	cor-vee
telex-mid	có	cos
telex-mid	cọ	coj
telex-mid	cobalt	cobalt
telex-mid	cóc	cosc
telex-mid	cọc	cojc
telex-mid	coca	coca
telex-mid	cocain	cocain
telex-mid	coctison	coctison
telex-mid	codein	codein
telex-mid	coi	coi
telex-mid	còi	cofi
telex-mid	cõi	coxi
telex-mid	cói	cosi
telex-mid	Col	^col
telex-mid	cologa	cologa
telex-mid	cologarit	cologarit
telex-mid	colon	colon
telex-mid	colophan	colophan
telex-mid	com-bi-ne-dông	com-bi-ne-doong
telex-mid	com-bin	com-bin
telex-mid	com-bờ-lê	com-bowf-lee
telex-mid	com-lê	com-lee
telex-mid	com-măng	com-mawng
telex-mid	com-măng-ca	com-mawng-ca
telex-mid	com-măng-đô	com-mawng-ddoo
telex-mid	com-mi	com-mi
telex-mid	com-mít-xi-ông	com-mist-xi-oong
telex-mid	com-mốt	com-moost
telex-mid	com-pa	com-pa
telex-mid	com-pa-nhi	com-pa-nhi
telex-mid	com-pắc	com-pawsc
telex-mid	com-plê	com-plee
telex-mid	com-pô	com-poo
telex-mid	com-pô-dít	com-poo-dist
telex-mid	com-pu-tơ	com-pu-tow
telex-mid	còm	cofm
telex-mid	còm-mi	cofm-mi
telex-mid	comlê	comlee
telex-mid	commando	commando
telex-mid	commăng	commawng
telex-mid	commăng-ca	commawng-ca
telex-mid	compa	compa
telex-mid	computer	computer
telex-mid	con	con
telex-mid	Con-kde	^con-kde
telex-mid	con-léc-xi-ông	con-lesc-xi-oong
telex-mid	còn	cofn
telex-mid	cỏn	corn
telex-mid	cọn	cojn
telex-mid	concerto	concerto
telex-mid	confetti	confetti
telex-mid	cong	cong
telex-mid	cong-tờ-gút	cong-towf-gust
telex-mid	còng	cofng
telex-mid	cỏng	corng
telex-mid	cõng	coxng
telex-mid	cóng	cosng
telex-mid	cọng	cojng
telex-mid	consol	consol
telex-mid	consortium	consortium
telex-mid	contac	contac
telex-mid	container	container
telex-mid	continum	continum
telex-mid	contrabass	contrabass
telex-mid	conxecto	conxecto
telex-mid	conxoocxiom	conxoocxiom
telex-mid	coóc-nê	coosc-nee
telex-mid	coóc-ti-don	coosc-ti-don
telex-mid	coóc-ti-dôn	coosc-ti-doon
telex-mid	coóc-xê	coosc-xee
telex-mid	cóp	cosp
telex-mid	cọp	cojp
telex-mid	cọp-dê	cojp-dee
telex-mid	copfa	copfa
telex-mid	Cor	^cor
telex-mid	cordoba	cordoba
telex-mid	cortison	cortison
telex-mid	cos	cos
telex-mid	cosin	cosin
telex-mid	cot	cot
telex-mid	cót	cost
telex-mid	cọt	cojt
telex-mid	cota	cota
telex-mid	cotang	cotang
telex-mid	cotton	cotton
telex-mid	coulomb	coulomb
telex-mid	cô	coo
telex-mid	cô-ban	coo-ban
telex-mid	cô-ca	coo-ca
telex-mid	cô-ca-in	coo-ca-in
telex-mid	cô-đê-in	coo-ddee-in
telex-mid	cô-le	coo-le
telex-mid	cô-li	coo-li
telex-mid	cô-lô-nhần	coo-loo-nhaafn
telex-mid	cô-lô-phan	coo-loo-phan
telex-mid	cô-lôn	coo-loon
telex-mid	cô-nhắc	coo-nhawsc
telex-mid	cô-pếch	coo-peesch
telex-mid	cô-sin	coo-sin
telex-mid	cô-sông	coo-soong
telex-mid	cô-ta	coo-ta
telex-mid	cô-tang	coo-tang
telex-mid	cô-ti-dê	coo-ti-dee
telex-mid	cô-tông	coo-toong
telex-mid	cô-ve	coo-ve
telex-mid	cồ	coof
telex-mid	cổ	coor
telex-mid	cổ-dề	coor-deef
telex-mid	cỗ	coox
telex-mid	cố	coos
telex-mid	cộ	cooj
telex-mid	cốc	coosc
telex-mid	cốc-tai	coosc-tai
telex-mid	cốc-tay	coosc-tay
telex-mid	cộc	coojc
telex-mid	côi	cooi
telex-mid	cổi	coori
telex-mid	cỗi	cooxi
telex-mid	cối	coosi
telex-mid	cội	cooji
telex-mid	côm	coom
telex-mid	cốm	coosm
telex-mid	cộm	coojm
telex-mid	côn	coon
telex-mid	cồn	coofn
telex-mid	Cồn	^coofn
telex-mid	cốn	coosn
telex-mid	cộn	coojn
telex-mid	công	coong
telex-mid	công-bát	coong-bast
telex-mid	công-bạt	coong-bajt
telex-mid	công-cua	coong-cua
telex-mid	công-phét-ti	coong-phest-ti
telex-mid	công-pho	coong-pho
telex-mid	công-quy-răng	coong-quy-rawng
telex-mid	công-ta	coong-ta
telex-mid	công-tắc	coong-tawsc
telex-mid	công-te-nơ	coong-te-now
telex-mid	công-toa	coong-toa
telex-mid	công-tôn	coong-toon
telex-mid	công-tơ	coong-tow
telex-mid	công-tơ-rơ-bát	coong-tow-row-bast
telex-mid	công-voa	coong-voa
telex-mid	công-xây	coong-xaay
telex-mid	công-xéc-tô	coong-xesc-too
telex-mid	công-xi	coong-xi
telex-mid	công-xinh	coong-xinh
telex-mid	công-xon	coong-xon
telex-mid	công-xôn	coong-xoon
telex-mid	cồng	coofng
telex-mid	cổng	coorng
telex-mid	cống	coosng
telex-mid	Cống	^coosng
telex-mid	cộng	coojng
telex-mid	côngtắc	coongtawsc
telex-mid	côngtenơ	coongtenow
telex-mid	côngtơ	coongtow
telex-mid	côngxectô	coongxectoo
telex-mid	côngxon	coongxon
telex-mid	cốp	coosp
telex-mid	cốp-pha	coosp-pha
telex-mid	cộp	coojp
telex-mid	côsin	coosin
telex-mid	cốt	coost
telex-mid	cốt-lét	coost-lest
telex-mid	cốt-nhát	coost-nhast
telex-mid	cốt-nhắc	coost-nhawsc
telex-mid	cốt-pha	coost-pha
telex-mid	cốt-phát	coost-phast
telex-mid	cột	coojt
telex-mid	côtang	cootang
telex-mid	côtông	cootoong
telex-mid	cơ	cow
telex-mid	Cơ-don	^cow-don
telex-mid	Cơ-ho	^cow-ho
telex-mid	cơ-lanh-ke	cow-lanh-ke
telex-mid	cơ-lê	cow-lee
telex-mid	Cơ-tu	^cow-tu
telex-mid	cờ	cowf
telex-mid	cờ-lê	cowf-lee
telex-mid	cờ-lếp	cowf-leesp
telex-mid	cờ-ra-vát	cowf-ra-vast
telex-mid	cờ-rếp	cowf-reesp
telex-mid	cỡ	cowx
telex-mid	cớ	cows
telex-mid	cơi	cowi
telex-mid	cời	cowfi
telex-mid	cởi	cowri
telex-mid	cỡi	cowxi
telex-mid	cơlê	cowlee
telex-mid	cơm	cowm
telex-mid	cớm	cowsm
telex-mid	cơn	cown
telex-mid	cỡn	cowxn
telex-mid	cớn	cowsn
telex-mid	cợn	cowjn
telex-mid	cợp	cowjp
telex-mid	cợt	cowjt
telex-mid	CPU	^c^p^u
telex-mid	Cr	^cr
telex-mid	cra-vat	cra-vat
telex-mid	crêp	creep
telex-mid	crếp	creesp
telex-mid	crom	crom
telex-mid	crô-mít	croo-mist
telex-mid	crôm	croom
telex-mid	cru-da-đô	cru-da-ddoo
telex-mid	CS	^c^s
telex-mid	Cty	^cty
telex-mid	cu	cu
telex-mid	Cu	^cu
telex-mid	cu-li	cu-li
telex-mid	cu-lit	cu-lit
telex-mid	cu-lít	cu-list
telex-mid	cu-lông	cu-loong
telex-mid	cu-pông	cu-poong
telex-mid	cu-roa	cu-roa
telex-mid	cu-ron	cu-ron
telex-mid	cu-soong	cu-soong
telex-mid	cù	cuf
telex-mid	củ	cur
telex-mid	cũ	cux
telex-mid	cú	cus
telex-mid	cụ	cuj
telex-mid	cua	cua
telex-mid	cua-roa	cua-roa
telex-mid	cua-ron	cua-ron
telex-mid	cua-rơ	cua-row
telex-mid	Cùa	^cufa
telex-mid	của	cura
telex-mid	cúa	cusa
telex-mid	cuaroa	cuaroa
telex-mid	cuarơ	cuarow
telex-mid	cúc	cusc
telex-mid	cục	cujc
telex-mid	cùi	cufi
telex-mid	cùi-dìa	cufi-difa
telex-mid	củi	curi
telex-mid	cũi	cuxi
telex-mid	cúi	cusi
telex-mid	Cul	^cul
telex-mid	culi	culi
telex-mid	culit	culit
telex-mid	culon	culon
telex-mid	culong	culong
telex-mid	culông	culoong
telex-mid	cum	cum
telex-mid	cùm	cufm
telex-mid	cúm	cusm
telex-mid	cụm	cujm
telex-mid	cun	cun
telex-mid	cùn	cufn
telex-mid	củn	curn
telex-mid	cún	cusn
telex-mid	cung	cung
telex-mid	cùng	cufng
telex-mid	củng	curng
telex-mid	cũng	cuxng
telex-mid	cúng	cusng
telex-mid	cụng	cujng
telex-mid	cuốc	cuoosc
telex-mid	cuộc	cuoojc
telex-mid	cuối	cuoosi
telex-mid	Cuối	^cuoosi
telex-mid	cuội	cuooji
telex-mid	Cuội	^cuooji
telex-mid	cuỗm	cuooxm
telex-mid	cuồn	cuoofn
telex-mid	cuốn	cuoosn
telex-mid	cuộn	cuoojn
telex-mid	cuông	cuoong
telex-mid	cuồng	cuoofng
telex-mid	cuống	cuoosng
telex-mid	cuộng	cuoojng
telex-mid	cúp	cusp
telex-mid	cụp	cujp
telex-mid	Cur	^cur
telex-mid	curoa	curoa
telex-mid	cút	cust
telex-mid	cút-lít	cust-list
telex-mid	cụt	cujt
telex-mid	cư	cuw
telex-mid	cừ	cuwf
telex-mid	cử	cuwr
telex-mid	cữ	cuwx
telex-mid	cứ	cuws
telex-mid	cự	cuwj
telex-mid	cưa	cuwa
telex-mid	cửa	cuwra
telex-mid	cứa	cuwsa
telex-mid	cựa	cuwja
telex-mid	cực	cuwjc
telex-mid	cửi	cuwri
telex-mid	cưng	cuwng
telex-mid	cửng	cuwrng
telex-mid	cứng	cuwsng
telex-mid	cước	cuwowsc
telex-mid	cược	cuwowjc
telex-mid	cười	cuwowfi
telex-mid	cưỡi	cuwowxi
telex-mid	cưới	cuwowsi
telex-mid	cườm	cuwowfm
telex-mid	cương	cuwowng
telex-mid	cường	cuwowfng
telex-mid	cưỡng	cuwowxng
telex-mid	cướp	cuwowsp
telex-mid	cứt	cuwst
telex-mid	cưu	cuwu
telex-mid	cừu	cuwfu
telex-mid	cửu	cuwru
telex-mid	cữu	cuwxu
telex-mid	cứu	cuwsu
telex-mid	cựu	cuwju
telex-mid	CY	^c^y
telex-mid	cybernetic	cybernetic
telex-mid	d	d
telex-mid	D	^d
telex-mid	da	da
telex-mid	dà	daf
telex-mid	dã	dax
telex-mid	dá	das
telex-mid	dạ	daj
telex-mid	Dạ	^daj
telex-mid	dác	dasc
telex-mid	dạc	dajc
telex-mid	dai	dai
telex-mid	dài	dafi
telex-mid	dải	dari
telex-mid	dãi	daxi
telex-mid	dái	dasi
telex-mid	dại	daji
telex-mid	dalasi	dalasi
telex-mid	dam	dam
telex-mid	dàm	dafm
telex-mid	dám	dasm
telex-mid	dạm	dajm
telex-mid	dan	dan
telex-mid	dàn	dafn
telex-mid	dãn	daxn
telex-mid	dán	dasn
telex-mid	dạn	dajn
telex-mid	dang	dang
telex-mid	dàng	dafng
telex-mid	dáng	dasng
telex-mid	dạng	dajng
telex-mid	danh	danh
telex-mid	dành	dafnh
telex-mid	dảnh	darnh
telex-mid	dao	dao
telex-mid	dào	dafo
telex-mid	dạo	dajo
telex-mid	dát	dast
telex-mid	dạt	dajt
telex-mid	dàu	dafu
telex-mid	day	day
telex-mid	dày	dafy
telex-mid	dảy	dary
telex-mid	dãy	daxy
telex-mid	dáy	dasy
telex-mid	dạy	dajy
telex-mid	dăm	dawm
telex-mid	dằm	dawfm
telex-mid	dắm	dawsm
telex-mid	dặm	dawjm
telex-mid	dăn	dawn
telex-mid	dằn	dawfn
telex-mid	dặn	dawjn
telex-mid	dăng	dawng
telex-mid	dẳng	dawrng
telex-mid	Dẳng	^dawrng
telex-mid	dặng	dawjng
telex-mid	dắt	dawst
telex-mid	dặt	dawjt
telex-mid	dâm	daam
telex-mid	dầm	daafm
telex-mid	dẫm	daaxm
telex-mid	dấm	daasm
telex-mid	dậm	daajm
telex-mid	dân	daan
telex-mid	dần	daafn
telex-mid	dẫn	daaxn
telex-mid	dấn	daasn
telex-mid	dận	daajn
telex-mid	dâng	daang
telex-mid	dấp	daasp
telex-mid	dập	daajp
telex-mid	dâu	daau
telex-mid	dầu	daafu
telex-mid	dẩu	daaru
telex-mid	dẫu	daaxu
telex-mid	dấu	daasu
telex-mid	dậu	daaju
telex-mid	dây	daay
telex-mid	dầy	daafy
telex-mid	dẫy	daaxy
telex-mid	dấy	daasy
telex-mid	dậy	daajy
telex-mid	de	de
telex-mid	de	de
telex-mid	dè	def
telex-mid	dẻ	der
telex-mid	dẽ	dex
telex-mid	dé	des
telex-mid	deca	deca
telex-mid	deci	deci
telex-mid	decibel	decibel
telex-mid	delta	delta
telex-mid	dém	desm
telex-mid	den	den
telex-mid	denar	denar
telex-mid	deo	deo
telex-mid	dẻo	dero
telex-mid	dép	desp
telex-mid	dẹp	dejp
telex-mid	derô	deroo
telex-mid	dẹt	dejt
telex-mid	dê	dee
telex-mid	dê-rô	dee-roo
telex-mid	dể	deer
telex-mid	dễ	deex
telex-mid	dế	dees
telex-mid	dệ	deej
telex-mid	dếch	deesch
telex-mid	dệch	deejch
telex-mid	dên	deen
telex-mid	dền	deefn
telex-mid	dện	deejn
telex-mid	dềnh	deefnh
telex-mid	dêrô	deeroo
telex-mid	dết	deest
telex-mid	dệt	deejt
telex-mid	Dgieh	^dgieh
telex-mid	di	di
telex-mid	Di	^di
telex-mid	Di-đà	^di-ddaf
telex-mid	dì	dif
telex-mid	dỉ	dir
telex-mid	dị	dij
telex-mid	dĩa	dixa
telex-mid	dicdăc	dicdawc
telex-mid	dích	disch
telex-mid	dích-dắc	disch-dawsc
telex-mid	dích-lơ	disch-low
telex-mid	dịch	dijch
telex-mid	diesel	diesel
telex-mid	diếc	dieesc
telex-mid	diệc	dieejc
telex-mid	diêm	dieem
telex-mid	diềm	dieefm
telex-mid	diễn	dieexn
telex-mid	diện	dieejn
telex-mid	diếp	dieesp
telex-mid	diệp	dieejp
telex-mid	diệt	dieejt
telex-mid	diều	dieefu
telex-mid	diễu	dieexu
telex-mid	diệu	dieeju
telex-mid	dim	dim
telex-mid	dìm	difm
telex-mid	dím	dism
telex-mid	din	din
telex-mid	dĩn	dixn
telex-mid	dinar	dinar
telex-mid	dinh	dinh
telex-mid	dinh-tê	dinh-tee
telex-mid	dính	disnh
telex-mid	diod	diod
telex-mid	dioptr	dioptr
telex-mid	díp	disp
telex-mid	dịp	dijp
telex-mid	dirham	dirham
telex-mid	dịt	dijt
telex-mid	dìu	difu
telex-mid	díu	disu
telex-mid	dịu	diju
telex-mid	do	do
telex-mid	dò	dof
telex-mid	dó	dos
telex-mid	dọ	doj
telex-mid	doa	doa
telex-mid	dóa	dosa
telex-mid	doá	doas
telex-mid	dọa	doja
telex-mid	doạ	doaj
telex-mid	doãi	doaxi
telex-mid	doan	doan
telex-mid	doãn	doaxn
telex-mid	doàng	doafng
telex-mid	doãng	doaxng
telex-mid	doạng	doajng
telex-mid	doanh	doanh
telex-mid	doành	doafnh
telex-mid	dobra	dobra
telex-mid	dóc	dosc
telex-mid	dọc	dojc
telex-mid	doi	doi
telex-mid	dòi	dofi
telex-mid	dõi	doxi
telex-mid	dọi	doji
telex-mid	dol	dol
telex-mid	dollar	dollar
telex-mid	dom	dom
telex-mid	dòm	dofm
telex-mid	dỏm	dorm
telex-mid	dóm	dosm
telex-mid	domino	domino
telex-mid	don	don
telex-mid	dón	dosn
telex-mid	dọn	dojn
telex-mid	dong	dong
telex-mid	dòng	dofng
telex-mid	dỏng	dorng
telex-mid	dõng	doxng
telex-mid	dóng	dosng
telex-mid	dọng	dojng
telex-mid	dọp	dojp
telex-mid	doping	doping
telex-mid	dót	dost
telex-mid	dô	doo
telex-mid	dô-kề	doo-keef
telex-mid	dồ	doof
telex-mid	dỗ	doox
telex-mid	dốc	doosc
telex-mid	dôi	dooi
telex-mid	dồi	doofi
telex-mid	dỗi	dooxi
telex-mid	dối	doosi
telex-mid	dội	dooji
telex-mid	dổm	doorm
telex-mid	dồn	doofn
telex-mid	dông	doong
telex-mid	dộng	doojng
telex-mid	dộp	doojp
telex-mid	dốt	doost
telex-mid	dột	doojt
telex-mid	dơ	dow
telex-mid	dở	dowr
telex-mid	dỡ	dowx
telex-mid	dơi	dowi
telex-mid	dời	dowfi
telex-mid	dởm	dowrm
telex-mid	dợm	dowjm
telex-mid	dơn	down
telex-mid	dớn	dowsn
telex-mid	dợn	dowjn
telex-mid	dớp	dowsp
telex-mid	drachma	drachma
telex-mid	dram	dram
telex-mid	du	du
telex-mid	dù	duf
telex-mid	dụ	duj
telex-mid	dùa	dufa
telex-mid	dũa	duxa
telex-mid	dục	dujc
telex-mid	duềnh	dueefnh
telex-mid	dùi	dufi
telex-mid	dũi	duxi
telex-mid	dúi	dusi
telex-mid	dụi	duji
telex-mid	dúm	dusm
telex-mid	dụm	dujm
telex-mid	dumdum	dumdum
telex-mid	dun	dun
telex-mid	dùn	dufn
telex-mid	dún	dusn
telex-mid	dung	dung
telex-mid	dùng	dufng
telex-mid	dũng	duxng
telex-mid	dúng	dusng
telex-mid	dụng	dujng
telex-mid	duốc	duoosc
telex-mid	duộc	duoojc
telex-mid	duỗi	duooxi
telex-mid	duối	duoosi
telex-mid	Duồn	^duoofn
telex-mid	dura	dura
telex-mid	duralumin	duralumin
telex-mid	dụt	dujt
telex-mid	duy	duy
telex-mid	duyên	duyeen
telex-mid	duyệt	duyeejt
telex-mid	dư	duw
telex-mid	dừ	duwf
telex-mid	dử	duwr
telex-mid	dữ	duwx
telex-mid	dứ	duws
telex-mid	dự	duwj
telex-mid	dưa	duwa
telex-mid	dừa	duwfa
telex-mid	dứa	duwsa
telex-mid	dựa	duwja
telex-mid	dức	duwsc
telex-mid	dưng	duwng
telex-mid	dừng	duwfng
telex-mid	dửng	duwrng
telex-mid	dứng	duwsng
telex-mid	dựng	duwjng
telex-mid	dược	duwowjc
telex-mid	dưới	duwowsi
telex-mid	dướn	duwowsn
telex-mid	dương	duwowng
telex-mid	dường	duwowfng
telex-mid	dưỡng	duwowxng
telex-mid	dướng	duwowsng
telex-mid	dượng	duwowjng
telex-mid	dượt	duwowjt
telex-mid	dứt	duwst
telex-mid	dyn	dyn
telex-mid	dynamit	dynamit
telex-mid	dynamo	dynamo
telex-mid	đ	dd
telex-mid	đa	dda
telex-mid	đà	ddaf
telex-mid	đả	ddar
telex-mid	đã	ddax
telex-mid	đá	ddas
telex-mid	đạc	ddajc
telex-mid	đách	ddasch
telex-mid	đai	ddai
telex-mid	đài	ddafi
telex-mid	đãi	ddaxi
telex-mid	đái	ddasi
telex-mid	đại	ddaji
telex-mid	Đại-dương-châu	^ddaji-duwowng-chaau
telex-mid	đam	ddam
telex-mid	đàm	ddafm
telex-mid	đảm	ddarm
telex-mid	đám	ddasm
telex-mid	đạm	ddajm
telex-mid	đan	ddan
telex-mid	đàn	ddafn
telex-mid	đản	ddarn
telex-mid	đạn	ddajn
telex-mid	đang	ddang
telex-mid	đàng	ddafng
telex-mid	đảng	ddarng
telex-mid	đáng	ddasng
telex-mid	đanh	ddanh
telex-mid	đành	ddafnh
telex-mid	đánh	ddasnh
telex-mid	đao	ddao
telex-mid	đào	ddafo
telex-mid	đảo	ddaro
telex-mid	đáo	ddaso
telex-mid	đạo	ddajo
telex-mid	đáp	ddasp
telex-mid	đạp	ddajp
telex-mid	đát	ddast
telex-mid	đạt	ddajt
telex-mid	đau	ddau
telex-mid	đay	dday
telex-mid	đày	ddafy
telex-mid	đãy	ddaxy
telex-mid	đáy	ddasy
telex-mid	đặc	ddawjc
telex-mid	đăm	ddawm
telex-mid	đằm	ddawfm
telex-mid	đẵm	ddawxm
telex-mid	đắm	ddawsm
telex-mid	đặm	ddawjm
telex-mid	đằn	ddawfn
telex-mid	đẵn	ddawxn
telex-mid	đặn	ddawjn
telex-mid	đăng	ddawng
telex-mid	đăng-ten	ddawng-ten
telex-mid	đằng	ddawfng
telex-mid	đẳng	ddawrng
telex-mid	đẵng	ddawxng
telex-mid	đắng	ddawsng
telex-mid	đặng	ddawjng
telex-mid	đăngten	ddawngten
telex-mid	đắp	ddawsp
telex-mid	đắt	ddawst
telex-mid	đặt	ddawjt
telex-mid	đâm	ddaam
telex-mid	đầm	ddaafm
telex-mid	đẫm	ddaaxm
telex-mid	đấm	ddaasm
telex-mid	đậm	ddaajm
telex-mid	đần	ddaafn
telex-mid	đẫn	ddaaxn
telex-mid	đận	ddaajn
telex-mid	đấng	ddaasng
telex-mid	đập	ddaajp
telex-mid	đất	ddaast
telex-mid	đâu	ddaau
telex-mid	đầu	ddaafu
telex-mid	đẩu	ddaaru
telex-mid	đấu	ddaasu
telex-mid	đậu	ddaaju
telex-mid	đây	ddaay
telex-mid	đầy	ddaafy
telex-mid	đẩy	ddaary
telex-mid	đẫy	ddaaxy
telex-mid	đấy	ddaasy
telex-mid	đậy	ddaajy
telex-mid	đe	dde
telex-mid	đè	ddef
telex-mid	đẻ	dder
telex-mid	đé	ddes
telex-mid	đeca-	ddeca-
telex-mid	đem	ddem
telex-mid	đen	dden
telex-mid	đen-ta	dden-ta
telex-mid	đèn	ddefn
telex-mid	đẹn	ddejn
telex-mid	đenta	ddenta
telex-mid	đeo	ddeo
telex-mid	đèo	ddefo
telex-mid	đẽo	ddexo
telex-mid	đéo	ddeso
telex-mid	đẹp	ddejp
telex-mid	đét	ddest
telex-mid	đét-xe	ddest-xe
telex-mid	đẹt	ddejt
telex-mid	đexi-	ddexi-
telex-mid	đexiben	ddexiben
telex-mid	đê	ddee
telex-mid	đê-ca	ddee-ca
telex-mid	đê-xi	ddee-xi
telex-mid	đê-xi-ben	ddee-xi-ben
telex-mid	đề	ddeef
telex-mid	đề-bô	ddeef-boo
telex-mid	đề-ca	ddeef-ca
telex-mid	đề-can	ddeef-can
telex-mid	đề-ma-rơ	ddeef-ma-row
telex-mid	đề-mác	ddeef-masc
telex-mid	đề-mốt-đê	ddeef-moost-ddee
telex-mid	đề-pa	ddeef-pa
telex-mid	đề-pô	ddeef-poo
telex-mid	đề-sạc	ddeef-sajc
telex-mid	đề-xi-ben	ddeef-xi-ben
telex-mid	đề-xi-la	ddeef-xi-la
telex-mid	đề-xi-mét	ddeef-xi-mest
telex-mid	để	ddeer
telex-mid	đễ	ddeex
telex-mid	đế	ddees
telex-mid	đệ	ddeej
telex-mid	đếch	ddeesch
telex-mid	đêm	ddeem
telex-mid	đếm	ddeesm
telex-mid	đệm	ddeejm
telex-mid	đền	ddeefn
telex-mid	đến	ddeesn
telex-mid	đệp	ddeejp
telex-mid	đều	ddeefu
telex-mid	đểu	ddeeru
telex-mid	đi	ddi
telex-mid	đi-ê-den	ddi-ee-den
telex-mid	đi-ê-zen	ddi-ee-zen
telex-mid	đi-na	ddi-na
telex-mid	đi-na-mít	ddi-na-mist
telex-mid	đi-na-mô	ddi-na-moo
telex-mid	đi-ốp	ddi-oosp
telex-mid	đi-ốt	ddi-oost
telex-mid	đi-văng	ddi-vawng
telex-mid	đì	ddif
telex-mid	đĩ	ddix
telex-mid	đia-phram	ddia-phram
telex-mid	đìa	ddifa
telex-mid	đỉa	ddira
telex-mid	đĩa	ddixa
telex-mid	đía	ddisa
telex-mid	địa	ddija
telex-mid	đích	ddisch
telex-mid	địch	ddijch
telex-mid	điezen	ddiezen
telex-mid	điếc	ddieesc
telex-mid	điềm	ddieefm
telex-mid	điểm	ddieerm
telex-mid	điếm	ddieesm
telex-mid	điên	ddieen
telex-mid	điền	ddieefn
telex-mid	điển	ddieern
telex-mid	điện	ddieejn
telex-mid	điếng	ddieesng
telex-mid	điệp	ddieejp
telex-mid	điêu	ddieeu
telex-mid	điều	ddieefu
telex-mid	điếu	ddieesu
telex-mid	điệu	ddieeju
telex-mid	Đin	^ddin
telex-mid	đin	ddin
telex-mid	đinamit	ddinamit
telex-mid	đinamo	ddinamo
telex-mid	đinh	ddinh
telex-mid	đình	ddifnh
telex-mid	đỉnh	ddirnh
telex-mid	đĩnh	ddixnh
telex-mid	đính	ddisnh
telex-mid	định	ddijnh
telex-mid	điop	ddiop
telex-mid	điot	ddiot
telex-mid	Đip	^ddip
telex-mid	đíp-lôm	ddisp-loom
telex-mid	đít	ddist
telex-mid	đít-cua	ddist-cua
telex-mid	địt	ddijt
telex-mid	đìu	ddifu
telex-mid	địu	ddiju
telex-mid	đivăng	ddivawng
telex-mid	ĐKZ	^dd^k^z
telex-mid	đo	ddo
telex-mid	đò	ddof
telex-mid	đỏ	ddor
telex-mid	đõ	ddox
telex-mid	đó	ddos
telex-mid	đọ	ddoj
telex-mid	đoá	ddoas
telex-mid	đóa	ddosa
telex-mid	đọa	ddoja
telex-mid	đoạ	ddoaj
telex-mid	đoác	ddoasc
telex-mid	đoài	ddoafi
telex-mid	đoái	ddoasi
telex-mid	đoan	ddoan
telex-mid	đoàn	ddoafn
telex-mid	đoản	ddoarn
telex-mid	đoán	ddoasn
telex-mid	đoạn	ddoajn
telex-mid	đoàng	ddoafng
telex-mid	đoảng	ddoarng
telex-mid	đoành	ddoafnh
telex-mid	đoạt	ddoajt
telex-mid	đóc	ddosc
telex-mid	đọc	ddojc
telex-mid	đoi	ddoi
telex-mid	đòi	ddofi
telex-mid	đỏi	ddori
telex-mid	đói	ddosi
telex-mid	đọi	ddoji
telex-mid	đom	ddom
telex-mid	đòm	ddofm
telex-mid	đỏm	ddorm
telex-mid	đóm	ddosm
telex-mid	đon	ddon
telex-mid	đòn	ddofn
telex-mid	đón	ddosn
telex-mid	đọn	ddojn
telex-mid	đong	ddong
telex-mid	đòng	ddofng
telex-mid	đỏng	ddorng
telex-mid	đóng	ddosng
telex-mid	đọng	ddojng
telex-mid	đót	ddost
telex-mid	đọt	ddojt
telex-mid	đô	ddoo
telex-mid	đô-la	ddoo-la
telex-mid	đô-mi-nô	ddoo-mi-noo
telex-mid	đô-ping	ddoo-ping
telex-mid	đồ	ddoof
telex-mid	đổ	ddoor
telex-mid	đỗ	ddoox
telex-mid	đố	ddoos
telex-mid	độ	ddooj
telex-mid	đốc	ddoosc
telex-mid	đốc-tờ	ddoosc-towf
telex-mid	độc	ddoojc
telex-mid	đôi	ddooi
telex-mid	đồi	ddoofi
telex-mid	đổi	ddoori
telex-mid	đỗi	ddooxi
telex-mid	đối	ddoosi
telex-mid	đội	ddooji
telex-mid	đôla	ddoola
telex-mid	đốm	ddoosm
telex-mid	đôminô	ddoominoo
telex-mid	đôn	ddoon
telex-mid	đồn	ddoofn
telex-mid	đốn	ddoosn
telex-mid	độn	ddoojn
telex-mid	đông	ddoong
telex-mid	đông-bắc	ddoong-bawsc
telex-mid	Đông-dương	^ddoong-duwowng
telex-mid	đông-nam	ddoong-nam
telex-mid	Đông-phương	^ddoong-phuwowng
telex-mid	đồng	ddoofng
telex-mid	đổng	ddoorng
telex-mid	đống	ddoosng
telex-mid	động	ddoojng
telex-mid	đốp	ddoosp
telex-mid	độp	ddoojp
telex-mid	đốt	ddoost
telex-mid	đốt-xi-ê	ddoost-xi-ee
telex-mid	đột	ddoojt
telex-mid	đơ	ddow
telex-mid	Đơ-ro	^ddow-ro
telex-mid	đờ	ddowf
telex-mid	đờ-măng	ddowf-mawng
telex-mid	đờ-mi	ddowf-mi
telex-mid	đờ-o	ddowf-o
telex-mid	đỡ	ddowx
telex-mid	đớ	ddows
telex-mid	đợ	ddowj
telex-mid	đời	ddowfi
telex-mid	đới	ddowsi
telex-mid	đợi	ddowji
telex-mid	đơm	ddowm
telex-mid	đờm	ddowfm
telex-mid	đởm	ddowrm
telex-mid	đơn	ddown
telex-mid	đờn	ddowfn
telex-mid	đớn	ddowsn
telex-mid	đớp	ddowsp
telex-mid	đợp	ddowjp
telex-mid	đớt	ddowst
telex-mid	đợt	ddowjt
telex-mid	ĐT	^dd^t
telex-mid	đu	ddu
telex-mid	đu-ra	ddu-ra
telex-mid	đù	dduf
telex-mid	đủ	ddur
telex-mid	đú	ddus
telex-mid	đụ	dduj
telex-mid	đua	ddua
telex-mid	đùa	ddufa
telex-mid	đũa	dduxa
telex-mid	đúc	ddusc
telex-mid	đục	ddujc
telex-mid	đuềnh	ddueefnh
telex-mid	đui	ddui
telex-mid	đùi	ddufi
telex-mid	đũi	dduxi
telex-mid	đụi	dduji
telex-mid	đum-đum	ddum-ddum
telex-mid	đùm	ddufm
telex-mid	đúm	ddusm
telex-mid	đumđum	ddumddum
telex-mid	đun	ddun
telex-mid	đùn	ddufn
telex-mid	đụn	ddujn
telex-mid	đùng	ddufng
telex-mid	đũng	dduxng
telex-mid	đúng	ddusng
telex-mid	đụng	ddujng
telex-mid	đuốc	dduoosc
telex-mid	đuôi	dduooi
telex-mid	đuổi	dduoori
telex-mid	đuối	dduoosi
telex-mid	đuỗn	dduooxn
telex-mid	đuông	dduoong
telex-mid	đuống	dduoosng
telex-mid	đúp	ddusp
telex-mid	đúp-lê	ddusp-lee
telex-mid	đụp	ddujp
telex-mid	đura	ddura
telex-mid	đút	ddust
telex-mid	đụt	ddujt
telex-mid	đuy-ra	dduy-ra
telex-mid	đuya-ra	dduya-ra
telex-mid	đuyra	dduyra
telex-mid	đừ	dduwf
telex-mid	đứ	dduws
telex-mid	đưa	dduwa
telex-mid	đừa	dduwfa
telex-mid	đứa	dduwsa
telex-mid	đức	dduwsc
telex-mid	đực	dduwjc
telex-mid	đưng	dduwng
telex-mid	đừng	dduwfng
telex-mid	đứng	dduwsng
telex-mid	đựng	dduwjng
telex-mid	đước	dduwowsc
telex-mid	được	dduwowjc
telex-mid	đượm	dduwowjm
telex-mid	đườn	dduwowfn
telex-mid	đưỡn	dduwowxn
telex-mid	đương	dduwowng
telex-mid	đường	dduwowfng
telex-mid	đứt	dduwst
telex-mid	e	e
telex-mid	e-bo-nít	e-bo-nist
telex-mid	e-léc-tron	e-lesc-tron
telex-mid	e-lêc-tơ-ron	e-leec-tow-ron
telex-mid	e-líp	e-lisp
telex-mid	e-mail	e-mail
telex-mid	e-me-tin	e-me-tin
telex-mid	e-mê-tin	e-mee-tin
telex-mid	e-phe-đrin	e-phe-ddrin
telex-mid	e-spe-ran-to	e-spe-ran-to
telex-mid	e-ste	e-ste
telex-mid	e-ti-len	e-ti-len
telex-mid	e-xen-đô	e-xen-ddoo
telex-mid	è	ef
telex-mid	é	es
telex-mid	ẹ	ej
telex-mid	ebonit	ebonit
telex-mid	éc	esc
telex-mid	eke	eke
telex-mid	electron	electron
telex-mid	elip	elip
telex-mid	em	em
telex-mid	em-mê	em-mee
telex-mid	ém	esm
telex-mid	emetin	emetin
telex-mid	en	en
telex-mid	en-dim	en-dim
telex-mid	en-líp	en-lisp
telex-mid	en-tơ-ro-pi	en-tow-ro-pi
telex-mid	en-tro-pi	en-tro-pi
telex-mid	en-zim	en-zim
telex-mid	én	esn
telex-mid	eng	eng
telex-mid	entropi	entropi
telex-mid	enzim	enzim
telex-mid	eo	eo
telex-mid	ẻo	ero
telex-mid	ẹo	ejo
telex-mid	ép	esp
telex-mid	ép-phê	esp-phee
telex-mid	ép-xi-lon	esp-xi-lon
telex-mid	ẹp	ejp
telex-mid	ephedrin	ephedrin
telex-mid	epsilon	epsilon
telex-mid	escudo	escudo
telex-mid	esperanto	esperanto
telex-mid	este	este
telex-mid	ét	est
telex-mid	ét-coóc	est-coosc
telex-mid	ét-xăng	est-xawng
telex-mid	ét-xe	est-xe
telex-mid	ét-xpê-răn-tô	est-xpee-rawn-too
telex-mid	ét-xte	est-xte
telex-mid	ẹt	ejt
telex-mid	eta	eta
telex-mid	ete	ete
telex-mid	ethylen	ethylen
telex-mid	eto	eto
telex-mid	etxăng	etxawng
telex-mid	etylen	etylen
telex-mid	euro	euro
telex-mid	ê	ee
telex-mid	ê-bô-nit	ee-boo-nit
telex-mid	ê-bô-nít	ee-boo-nist
telex-mid	ê-cu	ee-cu
telex-mid	ê-đê	ee-ddee
telex-mid	ê-ke	ee-ke
telex-mid	ê-kíp	ee-kisp
telex-mid	ê-léc-tÒron	ee-lesc-t^ofron
telex-mid	ê-léc-tron	ee-lesc-tron
telex-mid	ê-lếch-tơ-rôn	ee-leesch-tow-roon
telex-mid	ê-líp	ee-lisp
telex-mid	ê-mê-tin	ee-mee-tin
telex-mid	ê-mơ-rốt	ee-mow-roost
telex-mid	ê-mun-xi	ee-mun-xi
telex-mid	ê-phê-đrin	ee-phee-ddrin
telex-mid	ê-pông	ee-poong
telex-mid	ê-rô-mi-xin	ee-roo-mi-xin
telex-mid	ê-săng-chi-ông	ee-sawng-chi-oong
telex-mid	ê-spê-ran-tô	ee-spee-ran-too
telex-mid	ê-ta	ee-ta
telex-mid	ê-te	ee-te
telex-mid	ê-ti-két	ee-ti-kest
telex-mid	ê-ti-len	ee-ti-len
telex-mid	ê-tô	ee-too
telex-mid	ê-tuýt	ee-tuyst
telex-mid	ề	eef
telex-mid	ế	ees
telex-mid	ếch	eesch
telex-mid	êcu	eecu
telex-mid	êđê-êga	eeddee-eega
telex-mid	êke	eeke
telex-mid	êkip	eekip
telex-mid	êm	eem
telex-mid	ếm	eesm
telex-mid	ềnh	eefnh
telex-mid	ễnh	eexnh
telex-mid	ệnh	eejnh
telex-mid	êning	eening
telex-mid	ếp	eesp
telex-mid	ệp	eejp
telex-mid	êpan	eepan
telex-mid	êta	eeta
telex-mid	êtô	eetoo
telex-mid	êu	eeu
telex-mid	f	f
telex-mid	F	^f
telex-mid	fa	fa
telex-mid	fa-ra	fa-ra
telex-mid	Fahrenheit	^fahrenheit
telex-mid	fara	fara
telex-mid	fax	fax
telex-mid	Fe	^fe
telex-mid	fe-rít	fe-rist
telex-mid	féc-mơ-tuya	fesc-mow-tuya
telex-mid	feldspat	feldspat
telex-mid	fen-spat	fen-spat
telex-mid	fenspat	fenspat
telex-mid	ferit	ferit
telex-mid	festival	festival
telex-mid	fi-brô-xi-măng	fi-broo-xi-mawng
telex-mid	fibroximăng	fibroximawng
telex-mid	fizê	fizee
telex-mid	flo	flo
telex-mid	flo-rin	flo-rin
telex-mid	flo-rua	flo-rua
telex-mid	florin	florin
telex-mid	florua	florua
telex-mid	fluor	fluor
telex-mid	fluorur	fluorur
telex-mid	fo-man-đe-hít	fo-man-dde-hist
telex-mid	fo-man-đê-hít	fo-man-ddee-hist
telex-mid	fo-mon	fo-mon
telex-mid	fo-rin	fo-rin
telex-mid	fo-xép	fo-xesp
telex-mid	FOB	^f^o^b
telex-mid	folklor	folklor
telex-mid	fomanđehit	fomanddehit
telex-mid	fomol	fomol
telex-mid	fon-clo	fon-clo
telex-mid	foóc-môn	foosc-moon
telex-mid	foóc-xép	foosc-xesp
telex-mid	foocmica	foocmica
telex-mid	foot	foot
telex-mid	forceps	forceps
telex-mid	forint	forint
telex-mid	formaldehyd	formaldehyd
telex-mid	format	format
telex-mid	formica	formica
telex-mid	formol	formol
telex-mid	foxep	foxep
telex-mid	franc	franc
telex-mid	frăng	frawng
telex-mid	fu-la	fu-la
telex-mid	fuốc-sét	fuoosc-sest
telex-mid	fut	fut
telex-mid	fuy	fuy
telex-mid	g	g
telex-mid	ga	ga
telex-mid	ga-ba-đin	ga-ba-ddin
telex-mid	ga-bác-đin	ga-basc-ddin
telex-mid	ga-la	ga-la
telex-mid	ga-lăng	ga-lawng
telex-mid	ga-len	ga-len
telex-mid	ga-li	ga-li
telex-mid	ga-lon	ga-lon
telex-mid	ga-lông	ga-loong
telex-mid	ga-lơ-ri	ga-low-ri
telex-mid	ga-ma	ga-ma
telex-mid	ga-men	ga-men
telex-mid	ga-ra	ga-ra
telex-mid	ga-răng-ti	ga-rawng-ti
telex-mid	ga-rô	ga-roo
telex-mid	ga-tô	ga-too
telex-mid	ga-tuýt	ga-tuyst
telex-mid	ga-zô-lin	ga-zoo-lin
telex-mid	gà	gaf
telex-mid	gà-mèn	gaf-mefn
telex-mid	gả	gar
telex-mid	gã	gax
telex-mid	gá	gas
telex-mid	gạ	gaj
telex-mid	gabađin	gabaddin
telex-mid	gác	gasc
telex-mid	gác-dan	gasc-dan
telex-mid	gác-dang	gasc-dang
telex-mid	gác-đa-vu	gasc-dda-vu
telex-mid	gác-đê-nan	gasc-ddee-nan
telex-mid	gác-điêng	gasc-ddieeng
telex-mid	gác-đờ-bu	gasc-ddowf-bu
telex-mid	gác-đờ-co	gasc-ddowf-co
telex-mid	gác-đờ-sen	gasc-ddowf-sen
telex-mid	gác-măng-dê	gasc-mawng-dee
telex-mid	gác-xon-nê	gasc-xon-nee
telex-mid	gạc	gajc
telex-mid	gacđiêng	gacddieeng
telex-mid	gạch	gajch
telex-mid	gai	gai
telex-mid	gài	gafi
telex-mid	gãi	gaxi
telex-mid	gái	gasi
telex-mid	gại	gaji
telex-mid	gala	gala
telex-mid	galăng	galawng
telex-mid	galen	galen
telex-mid	gallery	gallery
telex-mid	gallon	gallon
telex-mid	gam	gam
telex-mid	gam-ma	gam-ma
telex-mid	gamen	gamen
telex-mid	gamma	gamma
telex-mid	gan	gan
telex-mid	gàn	gafn
telex-mid	gán	gasn
telex-mid	gạn	gajn
telex-mid	gang	gang
telex-mid	gàng	gafng
telex-mid	gangster	gangster
telex-mid	ganh	ganh
telex-mid	gành	gafnh
telex-mid	gảnh	garnh
telex-mid	gánh	gasnh
telex-mid	gạnh	gajnh
telex-mid	gào	gafo
telex-mid	gáo	gaso
telex-mid	gạo	gajo
telex-mid	Gar	^gar
telex-mid	gara	gara
telex-mid	garô	garoo
telex-mid	gas	gas
telex-mid	gạt	gajt
telex-mid	gatô	gatoo
telex-mid	gàu	gafu
telex-mid	gay	gay
telex-mid	gày	gafy
telex-mid	gảy	gary
telex-mid	gãy	gaxy
telex-mid	gáy	gasy
telex-mid	gạy	gajy
telex-mid	gặc	gawjc
telex-mid	găm	gawm
telex-mid	gằm	gawfm
telex-mid	gắm	gawsm
telex-mid	gặm	gawjm
telex-mid	gằn	gawfn
telex-mid	gắn	gawsn
telex-mid	găng	gawng
telex-mid	găng-tơ	gawng-tow
telex-mid	găng-xte	gawng-xte
telex-mid	găng-xtơ	gawng-xtow
telex-mid	gắng	gawsng
telex-mid	gặng	gawjng
telex-mid	găngxtơ	gawngxtow
telex-mid	gắp	gawsp
telex-mid	gặp	gawjp
telex-mid	gắt	gawst
telex-mid	gặt	gawjt
telex-mid	gấc	gaasc
telex-mid	gầm	gaafm
telex-mid	gẫm	gaaxm
telex-mid	gấm	gaasm
telex-mid	gậm	gaajm
telex-mid	gân	gaan
telex-mid	gần	gaafn
telex-mid	gấp	gaasp
telex-mid	gập	gaajp
telex-mid	gật	gaajt
telex-mid	gâu	gaau
telex-mid	gầu	gaafu
telex-mid	gẫu	gaaxu
telex-mid	gấu	gaasu
telex-mid	gây	gaay
telex-mid	gầy	gaafy
telex-mid	gẩy	gaary
telex-mid	gẫy	gaaxy
telex-mid	gấy	gaasy
telex-mid	gậy	gaajy
telex-mid	GDP	^g^d^p
telex-mid	Ge	^ge
telex-mid	ge-la-tin	ge-la-tin
telex-mid	ge-ma-ni	ge-ma-ni
telex-mid	gelatin	gelatin
telex-mid	gemani	gemani
telex-mid	gen	gen
telex-mid	germanium	germanium
telex-mid	ghe	ghe
telex-mid	ghè	ghef
telex-mid	ghẻ	gher
telex-mid	ghẽ	ghex
telex-mid	ghé	ghes
telex-mid	ghẹ	ghej
telex-mid	ghém	ghesm
telex-mid	ghen	ghen
telex-mid	ghèn	ghefn
telex-mid	ghẹo	ghejo
telex-mid	ghép	ghesp
telex-mid	ghét	ghest
telex-mid	ghê	ghee
telex-mid	ghế	ghees
telex-mid	ghếch	gheesch
telex-mid	ghệch	gheejch
telex-mid	ghềnh	gheefnh
telex-mid	ghểnh	gheernh
telex-mid	ghễnh	gheexnh
telex-mid	ghệt	gheejt
telex-mid	ghi	ghi
telex-mid	ghi-đông	ghi-ddoong
telex-mid	ghi-sê	ghi-see
telex-mid	ghi-ta	ghi-ta
telex-mid	ghì	ghif
telex-mid	ghiđông	ghiddoong
telex-mid	ghiền	ghieefn
telex-mid	ghim	ghim
telex-mid	ghìm	ghifm
telex-mid	ghin-de	ghin-de
telex-mid	ghín	ghisn
telex-mid	ghính	ghisnh
telex-mid	ghít	ghist
telex-mid	ghịt	ghijt
telex-mid	ghita	ghita
telex-mid	gi-lê	gi-lee
telex-mid	gì	gif
telex-mid	gỉ	gir
telex-mid	gí	gis
telex-mid	gia	gia
telex-mid	gia-két	gia-kest
telex-mid	Gia-rai	^gia-rai
telex-mid	gia-ven	gia-ven
telex-mid	già	giaf
telex-mid	giả	giar
telex-mid	giã	giax
telex-mid	giá	gias
telex-mid	giạ	giaj
telex-mid	giác	giasc
telex-mid	giai	giai
telex-mid	giải	giari
telex-mid	giãi	giaxi
telex-mid	giại	giaji
telex-mid	giam	giam
telex-mid	giảm	giarm
telex-mid	giám	giasm
telex-mid	giạm	giajm
telex-mid	gian	gian
telex-mid	giàn	giafn
telex-mid	giản	giarn
telex-mid	giãn	giaxn
telex-mid	gián	giasn
telex-mid	giang	giang
telex-mid	giàng	giafng
telex-mid	giảng	giarng
telex-mid	giáng	giasng
telex-mid	giạng	giajng
telex-mid	gianh	gianh
telex-mid	giành	giafnh
telex-mid	giảnh	giarnh
telex-mid	giao	giao
telex-mid	giào	giafo
telex-mid	giảo	giaro
telex-mid	giáo	giaso
telex-mid	giáp	giasp
telex-mid	giát	giast
telex-mid	giạt	giajt
telex-mid	giàu	giafu
telex-mid	giảu	giaru
telex-mid	giày	giafy
telex-mid	giãy	giaxy
telex-mid	Giáy	^giasy
telex-mid	giắc	giawsc
telex-mid	giặc	giawjc
telex-mid	giăm	giawm
telex-mid	giăm-bông	giawm-boong
telex-mid	giằm	giawfm
telex-mid	giẵm	giawxm
telex-mid	giặm	giawjm
telex-mid	giămbông	giawmboong
telex-mid	giằn	giawfn
telex-mid	giăng	giawng
telex-mid	giằng	giawfng
telex-mid	giắt	giawst
telex-mid	giặt	giawjt
telex-mid	giấc	giaasc
telex-mid	giâm	giaam
telex-mid	giầm	giaafm
telex-mid	giẫm	giaaxm
telex-mid	giấm	giaasm
telex-mid	giậm	giaajm
telex-mid	giần	giaafn
telex-mid	giấn	giaasn
telex-mid	giận	giaajn
telex-mid	giấp	giaasp
telex-mid	giập	giaajp
telex-mid	giật	giaajt
telex-mid	giầu	giaafu
telex-mid	giấu	giaasu
telex-mid	giậu	giaaju
telex-mid	giây	giaay
telex-mid	giầy	giaafy
telex-mid	giẫy	giaaxy
telex-mid	giấy	giaasy
telex-mid	gic-lơ	gic-low
telex-mid	gie	gie
telex-mid	giẻ	gier
telex-mid	Giẻ-triêng	^gier-trieeng
telex-mid	gié	gies
telex-mid	Gié	^gies
telex-mid	gièm	giefm
telex-mid	gien	gien
telex-mid	gieo	gieo
telex-mid	giẹo	giejo
telex-mid	giẹp	giejp
telex-mid	giếc	gieesc
telex-mid	giền	gieefn
telex-mid	giêng	gieeng
telex-mid	giềng	gieefng
telex-mid	giếng	gieesng
telex-mid	giết	gieest
telex-mid	giễu	gieexu
telex-mid	gilê	gilee
telex-mid	gìm	gifm
telex-mid	gin	gin
telex-mid	gìn	gifn
telex-mid	gio	gio
telex-mid	giò	giof
telex-mid	giỏ	gior
telex-mid	gió	gios
telex-mid	gioàng	gioafng
telex-mid	gioăng	gioawng
telex-mid	gióc	giosc
telex-mid	gioi	gioi
telex-mid	giòi	giofi
telex-mid	giỏi	giori
telex-mid	giọi	gioji
telex-mid	giòn	giofn
telex-mid	gión	giosn
telex-mid	giong	giong
telex-mid	giỏng	giorng
telex-mid	gióng	giosng
telex-mid	giọng	giojng
telex-mid	gioong	gioong
telex-mid	giọt	giojt
telex-mid	giô	gioo
telex-mid	giồ	gioof
telex-mid	giỗ	gioox
telex-mid	giộ	giooj
telex-mid	giốc	gioosc
telex-mid	giồi	gioofi
telex-mid	giổi	gioori
telex-mid	giỗi	giooxi
telex-mid	giối	gioosi
telex-mid	giội	giooji
telex-mid	giôn	gioon
telex-mid	giông	gioong
telex-mid	giồng	gioofng
telex-mid	giống	gioosng
telex-mid	giộp	gioojp
telex-mid	giơ	giow
telex-mid	Giơ-lâng	^giow-laang
telex-mid	Giơ-lơng	^giow-lowng
telex-mid	giơ-tông	giow-toong
telex-mid	giờ	giowf
telex-mid	giở	giowr
telex-mid	giời	giowfi
telex-mid	giới	giowsi
telex-mid	giờn	giowfn
telex-mid	giỡn	giowxn
telex-mid	gip	gip
telex-mid	gíp	gisp
telex-mid	giu	giu
telex-mid	giu-đô	giu-ddoo
telex-mid	giũ	giux
telex-mid	giú	gius
telex-mid	giua	giua
telex-mid	giũa	giuxa
telex-mid	giục	giujc
telex-mid	giùi	giufi
telex-mid	giủi	giuri
telex-mid	giúi	giusi
telex-mid	giụi	giuji
telex-mid	giùm	giufm
telex-mid	giun	giun
telex-mid	giuộc	giuoojc
telex-mid	giúp	giusp
telex-mid	giừ	giuwf
telex-mid	giữ	giuwx
telex-mid	giữa	giuwxa
telex-mid	giương	giuwowng
telex-mid	giường	giuwowfng
telex-mid	giượng	giuwowjng
telex-mid	giựt	giuwjt
telex-mid	glaucom	glaucom
telex-mid	gli-xe-rin	gli-xe-rin
telex-mid	gli-xê-rin	gli-xee-rin
telex-mid	glixerin	glixerin
telex-mid	glô-côm	gloo-coom
telex-mid	glôcôm	gloocoom
telex-mid	glu-cô	glu-coo
telex-mid	glu-cô-da	glu-coo-da
telex-mid	glu-cô-gien	glu-coo-gien
telex-mid	glu-xit	glu-xit
telex-mid	glu-xít	glu-xist
telex-mid	glucid	glucid
telex-mid	gluco	gluco
telex-mid	gluxit	gluxit
telex-mid	glycerin	glycerin
telex-mid	GMT	^g^m^t
telex-mid	GNP	^g^n^p
telex-mid	go	go
telex-mid	go-tích	go-tisch
telex-mid	gò	gof
telex-mid	gõ	gox
telex-mid	gọ	goj
telex-mid	goá	goas
telex-mid	góa	gosa
telex-mid	góc	gosc
telex-mid	gỏi	gori
telex-mid	gói	gosi
telex-mid	gọi	goji
telex-mid	golf	golf
telex-mid	gom	gom
telex-mid	gon	gon
telex-mid	gòn	gofn
telex-mid	gọn	gojn
telex-mid	gọng	gojng
telex-mid	goong	goong
telex-mid	goòng	goofng
telex-mid	góp	gosp
telex-mid	gorilla	gorilla
telex-mid	gót	gost
telex-mid	gọt	gojt
telex-mid	gothic	gothic
telex-mid	gourde	gourde
telex-mid	gô	goo
telex-mid	gô-đê	goo-ddee
telex-mid	gô-ri	goo-ri
telex-mid	gô-ri-la	goo-ri-la
telex-mid	gô-tích	goo-tisch
telex-mid	gồ	goof
telex-mid	gỗ	goox
telex-mid	gộ	gooj
telex-mid	gốc	goosc
telex-mid	gộc	goojc
telex-mid	gồi	goofi
telex-mid	gối	goosi
telex-mid	gội	gooji
telex-mid	gôm	goom
telex-mid	gồm	goofm
telex-mid	gốm	goosm
telex-mid	gôn	goon
telex-mid	gông	goong
telex-mid	gồng	goofng
telex-mid	gộp	goojp
telex-mid	gôrila	goorila
telex-mid	gột	goojt
telex-mid	gơ	gow
telex-mid	Gơ-lar	^gow-lar
telex-mid	gơ-lu-xit	gow-lu-xit
telex-mid	gờ	gowf
telex-mid	gờ-ram	gowf-ram
telex-mid	gở	gowr
telex-mid	gỡ	gowx
telex-mid	gởi	gowri
telex-mid	gợi	gowji
telex-mid	gờm	gowfm
telex-mid	gớm	gowsm
telex-mid	gơn-đờ-lu	gown-ddowf-lu
telex-mid	gợn	gowjn
telex-mid	gợt	gowjt
telex-mid	Gr	^gr
telex-mid	gr	gr
telex-mid	gra-ni-tô	gra-ni-too
telex-mid	gra-nít	gra-nist
telex-mid	gra-phít	gra-phist
telex-mid	gra-tuýt	gra-tuyst
telex-mid	gram	gram
telex-mid	granit	granit
telex-mid	granito	granito
telex-mid	graphit	graphit
telex-mid	grát	grast
telex-mid	GS	^g^s
telex-mid	gu	gu
telex-mid	gu-đrông	gu-ddroong
telex-mid	gu-giông	gu-gioong
telex-mid	gù	guf
telex-mid	gụ	guj
telex-mid	guarani	guarani
telex-mid	gục	gujc
telex-mid	guđron	guddron
telex-mid	gùi	gufi
telex-mid	guilder	guilder
telex-mid	guitar	guitar
telex-mid	gùn	gufn
telex-mid	guốc	guoosc
telex-mid	guồi	guoofi
telex-mid	guộn	guoojn
telex-mid	guồng	guoofng
telex-mid	guột	guoojt
telex-mid	gút	gust
telex-mid	gụt	gujt
telex-mid	gừ	guwf
telex-mid	gửi	guwri
telex-mid	gừng	guwfng
telex-mid	gươm	guwowm
telex-mid	gườm	guwowfm
telex-mid	gượm	guwowjm
telex-mid	gương	guwowng
telex-mid	gượng	guwowjng
telex-mid	h	h
telex-mid	H	^h
telex-mid	ha	ha
telex-mid	ha-fi-ni	ha-fi-ni
telex-mid	ha-lô-gien	ha-loo-gien
telex-mid	ha-lô-jen	ha-loo-jen
telex-mid	hà	haf
telex-mid	Hà-lăng	^haf-lawng
telex-mid	hả	har
telex-mid	há	has
telex-mid	hạ	haj
telex-mid	Hạ	^haj
telex-mid	hác-pơ	hasc-pow
telex-mid	hạc	hajc
telex-mid	hách	hasch
telex-mid	hạch	hajch
telex-mid	hai	hai
telex-mid	hài	hafi
telex-mid	hãi	haxi
telex-mid	hái	hasi
telex-mid	hại	haji
telex-mid	halogen	halogen
telex-mid	ham	ham
telex-mid	hàm	hafm
telex-mid	hãm	haxm
telex-mid	hám	hasm
telex-mid	hạm	hajm
telex-mid	han	han
telex-mid	hàn	hafn
telex-mid	hán	hasn
telex-mid	Hán	^hasn
vni	a	a
vni	A	^a
vni	a-ba-giua	a-ba-giua
vni	a-ba-toa	a-ba-toa
vni	a-dong	a-dong
vni	a-dốt	a-do6t1
vni	a-đa	a-d9a
vni	A-đam	^a-d9am
vni	A-đi-xơn	^a-d9i-xo7n
vni	a-đrê-na-lin	a-d9re6-na-lin
vni	a-ga	a-ga
vni	a-giăng	a-gia8ng
vni	a-giăng-đa	a-gia8ng-d9a
vni	a-gon	a-gon
vni	A-la	^a-la
vni	A-la-hán	^a-la-han1
vni	a-la-mốt	a-la-mo6t1
vni	a-la-văng	a-la-va8ng
vni	a-léc	a-lec1
vni	a-len	a-len
vni	a-lê	a-le6
vni	a-lô	a-lo6
vni	a-lu-min	a-lu-min
vni	a-ma-tơ	a-ma-to7
vni	a-mam	a-mam
vni	a-măng	a-ma8ng
vni	a-me-ri-xi	a-me-ri-xi
vni	a-men	a-men
vni	a-mi	a-mi
vni	a-mi-ăng	a-mi-a8ng
vni	a-mi-đan	a-mi-d9an
vni	a-min	a-min
vni	a-míp	a-mip1
vni	a-mô-ni-ác	a-mo6-ni-ac1
vni	a-mô-ni-ắc	a-mo6-ni-a8c1
vni	a-nan-gin	a-nan-gin
vni	a-ni-lin	a-ni-lin
vni	a-ni-ôn	a-ni-o6n
vni	a-ni-ông	a-ni-o6ng
vni	a-nô-phen	a-no6-phen
vni	a-nốt	a-no6t1
vni	a-pa-tít	a-pa-tit1
vni	a-pác-thai	a-pac1-thai
vni	a-pê-ri-típ	a-pe6-ri-tip1
vni	a-sen	a-sen
vni	a-spi-rin	a-spi-rin
vni	a-ta-tin	a-ta-tin
vni	a-ti-sô	a-ti-so6
vni	a-tlát	a-tlat1
vni	a-tÒrô-pin	a-t^oro62-pin
vni	a-trô-pin	a-tro6-pin
vni	a-tu-la	a-tu-la
vni	a-tua-đờ-rôn	a-tua-d9o72-ro6n
vni	a-văng	a-va8ng
vni	a-văng-ta	a-va8ng-ta
vni	a-văng-xê	a-va8ng-xe6
vni	a-vi	a-vi
vni	a-vô-ca	a-vo6-ca
vni	a-xen	a-xen
vni	a-xê-ti-len	a-xe6-ti-len
vni	a-xê-ton	a-xe6-ton
vni	a-xê-tôn	a-xe6-to6n
vni	a-xit	a-xit
vni	a-xít	a-xit1
vni	a-xphan	a-xphan
vni	a-xpi-rin	a-xpi-rin
vni	a-zốt	a-zo6t1
vni	à	a2
vni	ả	a3
vni	á	a1
vni	ạ	a5
vni	abc	abc
vni	ABC	^a^b^c
vni	ác	ac1
vni	ác-bít	ac1-bit1
vni	ác-coóc	ac1-cooc1
vni	ác-coóc-đê-ông	ac1-cooc1-d9e6-o6ng
vni	ác-mô-ni-ca	ac1-mo6-ni-ca
vni	ác-quy	ac1-quy
vni	ác-ten	ac1-ten
vni	ác-ti-sô	ac1-ti-so6
vni	accordeon	accordeon
vni	aceton	aceton
vni	acetylen	acetylen
vni	ách	ach1
vni	ạch	ach5
vni	acid	acid
vni	acmonica	acmonica
vni	acquy	acquy
vni	acre	acre
vni	ADN	^a^d^n
vni	adrenalin	adrenalin
vni	afghani	afghani
vni	Ag	^ag
vni	ai	ai
vni	ải	ai3
vni	ái	ai1
vni	AIDS	^a^i^d^s
vni	AK	^a^k
vni	Al	^al
vni	album	album
vni	albumin	albumin
vni	alcaloid	alcaloid
vni	aldehyd	aldehyd
vni	ALGOL	^a^l^g^o^l
vni	algorithm	algorithm
vni	almanac	almanac
vni	alô	alo6
vni	alpha	alpha
vni	alphabet	alphabet
vni	alumin	alumin
vni	am	am
vni	AM	^a^m
vni	am-mô-ni-ắc	am-mo6-ni-a8c1
vni	am-pe	am-pe
vni	am-pli	am-pli
vni	am-pun	am-pun
vni	ám	am1
vni	amatơ	amato7
vni	amen	amen
vni	amian	amian
vni	amib	amib
vni	amiđan	amid9an
vni	aminoacid	aminoacid
vni	amip	amip
vni	ammoniac	ammoniac
vni	ampe	ampe
vni	ampere	ampere
vni	ampli	ampli
vni	amygdal	amygdal
vni	an	an
vni	an-bom	an-bom
vni	an-bu-min	an-bu-min
vni	an-ca-lo-ít	an-ca-lo-it1
vni	an-ca-lô-ít	an-ca-lo6-it1
vni	an-côn	an-co6n
vni	an-đe-hít	an-d9e-hit1
vni	an-đê-hít	an-d9e6-hit1
vni	an-gin	an-gin
vni	an-go-rít	an-go-rit1
vni	an-gô-rít	an-go6-rit1
vni	an-két	an-ket1
vni	an-ma-nác	an-ma-nac1
vni	an-pha	an-pha
vni	an-pha-bê	an-pha-be6
vni	an-te	an-te
vni	an-ten	an-ten
vni	an-ti-mon	an-ti-mon
vni	an-ti-pi-rin	an-ti-pi-rin
vni	an-tÒra-xít	an-t^ora2-xit1
vni	an-tô	an-to6
vni	an-tơ-ra-xít	an-to7-ra-xit1
vni	an-tra-xít	an-tra-xit1
vni	án	an1
vni	anbom	anbom
vni	anbum	anbum
vni	anbumin	anbumin
vni	ancaloit	ancaloit
vni	anđehit	and9ehit
vni	ang	ang
vni	ảng	ang3
vni	áng	ang1
vni	angorit	angorit
vni	anh	anh
vni	anh-te	anh-te
vni	anh-te-phôn	anh-te-pho6n
vni	anh-te-ruýp-tơ	anh-te-ruyp1-to7
vni	ảnh	anh3
vni	ánh	anh1
vni	anmanac	anmanac
vni	anod	anod
vni	anofen	anofen
vni	anot	anot
vni	anpha	anpha
vni	anten	anten
vni	anthracit	anthracit
vni	antimon	antimon
vni	antipirin	antipirin
vni	antraxit	antraxit
vni	ANZUS	^a^n^z^u^s
vni	ao	ao
vni	ao-xơ	ao-xo7
vni	ào	ao2
vni	ảo	ao3
vni	áo	ao1
vni	áp	ap1
vni	áp-ga-ni	ap1-ga-ni
vni	áp-phe	ap1-phe
vni	áp-phích	ap1-phich1
vni	áp-xe	ap1-xe
vni	apacthai	apacthai
vni	apatit	apatit
vni	apphe	apphe
vni	apphich	apphich
vni	apxe	apxe
vni	Ar	^ar
vni	armonica	armonica
vni	arsenic	arsenic
vni	As	^as
vni	ASEAN	^a^s^e^a^n
vni	asen	asen
vni	asphalt	asphalt
vni	aspirin	aspirin
vni	át	at1
vni	át-lát	at1-lat1
vni	át-mốt-phe	at1-mo6t1-phe
vni	át-phan	at1-phan
vni	át-pi-rin	at1-pi-rin
vni	át-xít	at1-xit1
vni	ATK	^a^t^k
vni	atlas	atlas
vni	atmosphe	atmosphe
vni	atropin	atropin
vni	au	au
vni	Au	^au
vni	au-xơ	au-xo7
vni	automat	automat
vni	axetilen	axetilen
vni	axeton	axeton
vni	axit	axit
vni	áy	ay1
vni	Ayun	^ayun
vni	azot	azot
vni	ă	a8
vni	ắc	a8c1
vni	ắc-coóc	a8c1-cooc1
vni	ắc-coóc-đê-ông	a8c1-cooc1-d9e6-o6ng
vni	ắc-ê	a8c1-e6
vni	ắc-qui	a8c1-qui
vni	ắc-quy	a8c1-quy
vni	ắc	a8c1
vni	ắc-xi-đăng	a8c1-xi-d9a8ng
vni	ặc	a8c5
vni	ăccoóc	a8ccooc1
vni	ăccoócđêông	a8ccoocd9e6o6ng1
vni	ăcquy	a8cquy
vni	ăm-bờ-ra-da	a8m-bo72-ra-da
vni	ăm-pe	a8m-pe
vni	ăm-pun	a8m-pun
vni	ẵm	a8m4
vni	ăn	a8n
vni	ăng-ga	a8ng-ga
vni	ăng-ten	a8ng-ten
vni	ăng-ti-gôn	a8ng-ti-go6n
vni	ăng-ti-moan	a8ng-ti-moan
vni	ăng-tơ-ra-xit	a8ng-to7-ra-xit
vni	ẳng	a8ng3
vni	ắng	a8ng1
vni	ăngten	a8ngten
vni	ắp	a8p1
vni	ặp	a8p5
vni	ắt	a8t1
vni	â	a6
vni	ậc	a6c5
vni	âm	a6m
vni	ầm	a6m2
vni	ẩm	a6m3
vni	ấm	a6m1
vni	ân	a6n
vni	ẩn	a6n3
vni	ấn	a6n1
vni	ầng	a6ng2
vni	ấp	a6p1
vni	ập	a6p5
vni	ất	a6t1
vni	âu	a6u
vni	Âu-tây	^a6u-ta6y
vni	ẩu	a6u3
vni	ấu	a6u1
vni	ậu	a6u5
vni	ầy	a6y2
vni	ẩy	a6y3
vni	ấy	a6y1
vni	b	b
vni	B	^b
vni	ba	ba
vni	Ba	^ba
vni	ba-dan	ba-dan
vni	ba-dô-ca	ba-do6-ca
vni	ba-dơ	ba-do7
vni	ba-đờ-xuy	ba-d9o72-xuy
vni	ba-ga	ba-ga
vni	Ba-hi	^ba-hi
vni	ba-ke-lit	ba-ke-lit
vni	ba-ke-lít	ba-ke-lit1
vni	ba-lát	ba-lat1
vni	ba-lê	ba-le6
vni	ba-lô	ba-lo6
vni	ba-lông	ba-lo6ng
vni	ba-ren	ba-ren
vni	ba-ri	ba-ri
vni	ba-ri-e	ba-ri-e
vni	ba-ta	ba-ta
vni	ba-tanh	ba-tanh
vni	ba-tăng	ba-ta8ng
vni	ba-tê	ba-te6
vni	ba-tê-sô	ba-te6-so6
vni	ba-ti-nê	ba-ti-ne6
vni	ba-toong	ba-toong
vni	ba-tui	ba-tui
vni	ba-za	ba-za
vni	ba-zan	ba-zan
vni	ba-zơ	ba-zo7
vni	bà	ba2
vni	bà-la-môn	ba2-la-mo6n
vni	bả	ba3
vni	bã	ba4
vni	bá	ba1
vni	bạ	ba5
vni	bác	bac1
vni	bạc	bac5
vni	bách	bach1
vni	bạch	bach5
vni	badôca	bado6ca
vni	baht	baht
vni	bai	bai
vni	bai-t	bai-t
vni	bài	bai2
vni	bải	bai3
vni	bãi	bai4
vni	bái	bai1
vni	bại	bai5
vni	bakelit	bakelit
vni	balat	balat
vni	balboa	balboa
vni	balê	bale6
vni	ballad	ballad
vni	ballast	ballast
vni	balô	balo6
vni	balông	balo6ng
vni	bám	bam1
vni	bạm	bam5
vni	ban	ban
vni	ban-công	ban-co6ng
vni	ban-giô	ban-gio6
vni	ban-me	ban-me
vni	bàn	ban2
vni	bản	ban3
vni	bán	ban1
vni	bạn	ban5
vni	bancông	banco6ng
vni	bang	bang
vni	bàng	bang2
vni	bảng	bang3
vni	báng	bang1
vni	banh	banh
vni	bành	banh2
vni	bành-tô	banh2-to6
vni	bảnh	banh3
vni	bánh	banh1
vni	bạnh	banh5
vni	banjo	banjo
vni	bao	bao
vni	bào	bao2
vni	bảo	bao3
vni	bão	bao4
vni	báo	bao1
vni	bạo	bao5
vni	bar	bar
vni	barem	barem
vni	baren	baren
vni	barie	barie
vni	barrel	barrel
vni	basalt	basalt
vni	base	base
vni	BASIC	^b^a^s^i^c
vni	basoi	basoi
vni	bát	bat1
vni	bát-két	bat1-ket1
vni	bát-kết	bat1-ke6t1
vni	bạt	bat5
vni	bata	bata
vni	batê	bate6
vni	batinê	batine6
vni	batket	batket
vni	batoong	batoong
vni	batrui	batrui
vni	bàu	bau2
vni	báu	bau1
vni	bay	bay
vni	bay-on-nét	bay-on-net1
vni	bày	bay2
vni	bảy	bay3
vni	bazan	bazan
vni	bazooka	bazooka
vni	bazơ	bazo7
vni	bắc	ba8c1
vni	băm	ba8m
vni	bằm	ba8m2
vni	bặm	ba8m5
vni	bẳn	ba8n3
vni	bắn	ba8n1
vni	băng	ba8ng
vni	băng-ca	ba8ng-ca
vni	băng-giô	ba8ng-gio6
vni	băng-rôn	ba8ng-ro6n
vni	băng-túp	ba8ng-tup1
vni	bằng	ba8ng2
vni	bẵng	ba8ng4
vni	băngca	ba8ngca
vni	bắp	ba8p1
vni	bặp	ba8p5
vni	bắt	ba8t1
vni	bắt-tê	ba8t1-te6
vni	bặt	ba8t5
vni	bấc	ba6c1
vni	bậc	ba6c5
vni	bầm	ba6m2
vni	bẩm	ba6m3
vni	bẫm	ba6m4
vni	bấm	ba6m1
vni	bậm	ba6m5
vni	bần	ba6n2
vni	bẩn	ba6n3
vni	bấn	ba6n1
vni	bận	ba6n5
vni	bầng	ba6ng2
vni	bấng	ba6ng1
vni	bậng	ba6ng5
vni	bập	ba6p5
vni	bất	ba6t1
vni	bật	ba6t5
vni	bâu	ba6u
vni	bầu	ba6u2
vni	bấu	ba6u1
vni	bậu	ba6u5
vni	bây	ba6y
vni	bầy	ba6y2
vni	bẩy	ba6y3
vni	bẫy	ba6y4
vni	bấy	ba6y1
vni	bậy	ba6y5
vni	BBC	^b^b^c
vni	BCH	^b^c^h
vni	BCT	^b^c^t
vni	be	be
vni	be-ri-li	be-ri-li
vni	bè	be2
vni	bẻ	be3
vni	bẽ	be4
vni	bé	be1
vni	bẹ	be5
vni	béc-giê	bec1-gie6
vni	becgiê	becgie6
vni	bem	bem
vni	bẻm	bem3
vni	ben	ben
vni	ben-den	ben-den
vni	ben-tô-nít	ben-to6-nit1
vni	ben-zen	ben-zen
vni	bèn	ben2
vni	bẽn	ben4
vni	bén	ben1
vni	bẹn	ben5
vni	beng	beng
vni	béng	beng1
vni	benzen	benzen
vni	beo	beo
vni	bèo	beo2
vni	bẻo	beo3
vni	béo	beo1
vni	bẹo	beo5
vni	bép	bep1
vni	bẹp	bep5
vni	bét	bet1
vni	bẹt	bet5
vni	beta	beta
vni	bê	be6
vni	bê-rê	be6-re6
vni	bê-ta	be6-ta
vni	bê-tông	be6-to6ng
vni	bề	be62
vni	bể	be63
vni	bễ	be64
vni	bế	be61
vni	bệ	be65
vni	bệch	be6ch5
vni	bên	be6n
vni	bền	be6n2
vni	bển	be6n3
vni	bến	be6n1
vni	bện	be6n5
vni	bênh	be6nh
vni	bềnh	be6nh2
vni	bệnh	be6nh5
vni	bếp	be6p1
vni	bêrê	be6re6
vni	bết	be6t1
vni	bệt	be6t5
vni	bêta	be6ta
vni	bêtông	be6to6ng
vni	bêu	be6u
vni	bệu	be6u5
vni	Bhallê	^bhalle6
vni	bi	bi
vni	Bi	^bi
vni	bi-a	bi-a
vni	bi-ăng-tin	bi-a8ng-tin
vni	bi-da	bi-da
vni	bi-da-ma	bi-da-ma
vni	bi-dăng-tin	bi-da8ng-tin
vni	bi-đông	bi-d9o6ng
vni	bi-ki-ni	bi-ki-ni
vni	bi-tum	bi-tum
vni	bì	bi2
vni	bỉ	bi3
vni	bĩ	bi4
vni	bí	bi1
vni	bị	bi5
vni	bia	bia
vni	bìa	bia2
vni	bịa	bia5
vni	bích	bich1
vni	bích-cốt	bich1-co6t1
vni	bích-qui	bich1-qui
vni	bích-quy	bich1-quy
vni	bích-toong	bich1-toong
vni	bịch	bich5
vni	bichcôt	bichco6t
vni	bichquy	bichquy
vni	bida	bida
vni	biđông	bid9o6ng
vni	biếc	bie6c1
vni	biếm	bie6m1
vni	biên	bie6n
vni	biền	bie6n2
vni	biển	bie6n3
vni	biến	bie6n1
vni	biện	bie6n5
vni	biếng	bie6ng1
vni	Biêt	^bie6t
vni	biết	bie6t1
vni	biệt	bie6t5
vni	biểu	bie6u3
vni	biếu	bie6u1
vni	Bih	^bih
vni	bìm	bim2
vni	bỉm	bim3
vni	bím	bim1
vni	bin	bin
vni	bin-đinh	bin-d9inh
vni	bín	bin1
vni	bịn	bin5
vni	binđinh	bind9inh
vni	binh	binh
vni	bình	binh2
vni	bình-toong	binh2-toong
vni	bĩnh	binh4
vni	bính	binh1
vni	bịnh	binh5
vni	bíp	bip1
vni	bíp-tết	bip1-te6t1
vni	bịp	bip5
vni	biptêt	bipte6t
vni	birr	birr
vni	bis	bis
vni	bismut	bismut
vni	bít	bit1
vni	bít-cốt	bit1-co6t1
vni	bít-mút	bit1-mut1
vni	bít-quy	bit1-quy
vni	bít-tết	bit1-te6t1
vni	bít-tông	bit1-to6ng
vni	bịt	bit5
vni	bitcôt	bitco6t
vni	bitum	bitum
vni	bìu	biu2
vni	bĩu	biu4
vni	bíu	biu1
vni	bịu	biu5
vni	bloc	bloc
vni	Blô	^blo6
vni	blốc	blo6c1
vni	blu	blu
vni	blu-dông	blu-do6ng
vni	bo	bo
vni	Bo	^bo
vni	bo-nê	bo-ne6
vni	bò	bo2
vni	bỏ	bo3
vni	bõ	bo4
vni	bó	bo1
vni	bọ	bo5
vni	boa	boa
vni	bobin	bobin
vni	bóc	boc1
vni	bọc	boc5
vni	bòi	boi2
vni	bỏi	boi3
vni	bói	boi1
vni	bolivar	bolivar
vni	boliviano	boliviano
vni	bom	bom
vni	bom-bê	bom-be6
vni	bòm	bom2
vni	bõm	bom4
vni	bombê	bombe6
vni	bon	bon
vni	bon-nê	bon-ne6
vni	bon-sê-vích	bon-se6-vich1
vni	bòn	bon2
vni	bón	bon1
vni	bọn	bon5
vni	bong	bong
vni	bòng	bong2
vni	bỏng	bong3
vni	bóng	bong1
vni	bọng	bong5
vni	bonsevich	bonsevich
vni	boóc-đô	booc1-d9o6
vni	boóc-tê	booc1-te6
vni	boong	boong
vni	boong-ke	boong-ke
vni	boóng	boong1
vni	boongke	boongke
vni	bóp	bop1
vni	bọp	bop5
vni	bót	bot1
vni	bọt	bot5
vni	box	box
vni	bô	bo6
vni	bô-bin	bo6-bin
vni	bô-đê	bo6-d9e6
vni	bô-xít	bo6-xit1
vni	bồ	bo62
vni	bồ-tạt	bo62-tat5
vni	bổ	bo63
vni	bố	bo61
vni	bộ	bo65
vni	bôbin	bo6bin
vni	bốc	bo6c1
vni	bốc-can	bo6c1-can
vni	bốc-xít	bo6c1-xit1
vni	bốc-xơ	bo6c1-xo7
vni	bôđê	bo6d9e6
vni	bôi	bo6i
vni	bồi	bo6i2
vni	bổi	bo6i3
vni	bối	bo6i1
vni	bội	bo6i5
vni	bôm	bo6m
vni	bôm-bay	bo6m-bay
vni	bồm	bo6m2
vni	bôn	bo6n
vni	bôn-sê-vích	bo6n-se6-vich1
vni	bồn	bo6n2
vni	bổn	bo6n3
vni	bốn	bo6n1
vni	bộn	bo6n5
vni	bông	bo6ng
vni	bông-bay	bo6ng-bay
vni	bông-xoa	bo6ng-xoa
vni	bồng	bo6ng2
vni	bổng	bo6ng3
vni	bỗng	bo6ng4
vni	bống	bo6ng1
vni	bộng	bo6ng5
vni	bônsêvich	bo6nse6vich
vni	bốp	bo6p1
vni	bộp	bo6p5
vni	bốt	bo6t1
vni	bốt-can	bo6t1-can
vni	bốt-sét	bo6t1-set1
vni	bốt-tin	bo6t1-tin
vni	bột	bo6t5
vni	bơ	bo7
vni	bơ-lu-dông	bo7-lu-do6ng
vni	Bơ-mấm	^bo7-ma6m1
vni	Bơ-noong	^bo7-noong
vni	bơ-rơ-vê	bo7-ro7-ve6
vni	bờ	bo72
vni	bờ-lăng-tông	bo72-la8ng-to6ng
vni	bờ-lu	bo72-lu
vni	bờ-lu-dông	bo72-lu-do6ng
vni	bờ-rát-xa	bo72-rat1-xa
vni	bở	bo73
vni	bớ	bo71
vni	bợ	bo75
vni	bơi	bo7i
vni	bời	bo7i2
vni	bởi	bo7i3
vni	bới	bo7i1
vni	bơm	bo7m
vni	bờm	bo7m2
vni	bợm	bo7m5
vni	bơn	bo7n
vni	bỡn	bo7n4
vni	bớn	bo7n1
vni	bợn	bo7n5
vni	bớp	bo7p1
vni	bợp	bo7p5
vni	bớt	bo7t1
vni	bợt	bo7t5
vni	Br	^br
vni	Braian	^braian
vni	Brao	^brao
vni	Brâu	^bra6u
vni	bro-mua	bro-mua
vni	brom	brom
vni	brôm	bro6m
vni	Bru	^bru
vni	BS	^b^s
vni	bu	bu
vni	Bu-Đâng	^bu-^d9a6ng
vni	bu-gi	bu-gi
vni	bu-lông	bu-lo6ng
vni	bù	bu2
vni	bù-ét	bu2-et1
vni	bù-loong	bu2-loong
vni	bủ	bu3
vni	bú	bu1
vni	bụ	bu5
vni	bua	bua
vni	bùa	bua2
vni	bủa	bua3
vni	búa	bua1
vni	bục	buc5
vni	bugi	bugi
vni	bui	bui
vni	bùi	bui2
vni	búi	bui1
vni	bụi	bui5
vni	buji	buji
vni	bulông	bulo6ng
vni	bùm	bum2
vni	bủm	bum3
vni	bụm	bum5
vni	bùn	bun2
vni	bủn	bun3
vni	bún	bun1
vni	bung	bung
vni	bùng	bung2
vni	bủng	bung3
vni	búng	bung1
vni	bụng	bung5
vni	bunke	bunke
vni	bunker	bunker
vni	buộc	buo6c5
vni	buồi	buo6i2
vni	buổi	buo6i3
vni	buồm	buo6m2
vni	buôn	buo6n
vni	buồn	buo6n2
vni	buông	buo6ng
vni	buồng	buo6ng2
vni	buốt	buo6t1
vni	buột	buo6t5
vni	búp	bup1
vni	búp-bê	bup1-be6
vni	búp-phê	bup1-phe6
vni	bụp	bup5
vni	bupbê	bupbe6
vni	bupphê	bupphe6
vni	bút	but1
vni	bụt	but5
vni	buy-rô	buy-ro6
vni	buy-vét	buy-vet1
vni	buýp-phê	buyp1-phe6
vni	buýt	buyt1
vni	bứ	bu71
vni	bự	bu75
vni	bưa	bu7a
vni	bừa	bu7a2
vni	bửa	bu7a3
vni	bữa	bu7a4
vni	bứa	bu7a1
vni	bựa	bu7a5
vni	bức	bu7c1
vni	bực	bu7c5
vni	bưng	bu7ng
vni	bừng	bu7ng2
vni	bửng	bu7ng3
vni	bứng	bu7ng1
vni	bựng	bu7ng5
vni	bước	bu7o7c1
vni	bươi	bu7o7i
vni	bưởi	bu7o7i3
vni	Bưởi	^bu7o7i3
vni	bươm	bu7o7m
vni	bướm	bu7o7m1
vni	bươn	bu7o7n
vni	bương	bu7o7ng
vni	bướng	bu7o7ng1
vni	bướp	bu7o7p1
vni	bươu	bu7o7u
vni	bướu	bu7o7u1
vni	bứt	bu7t1
vni	bựt	bu7t5
vni	byte	byte
vni	c	c
vni	C	^c
vni	ca	ca
vni	Ca	^ca
vni	CA	^c^a
vni	ca-bi-nê	ca-bi-ne6
vni	ca-bin	ca-bin
vni	ca-cao	ca-cao
vni	Ca-chiu-sa	^ca-chiu-sa
vni	Ca-dong	^ca-dong
vni	ca-đi-mi	ca-d9i-mi
vni	ca-đô	ca-d9o6
vni	ca-ki	ca-ki
vni	ca-la-thầu	ca-la-tha6u2
vni	ca-li	ca-li
vni	ca-li-cô	ca-li-co6
vni	ca-li-fo-ni	ca-li-fo-ni
vni	ca-li-tê	ca-li-te6
vni	ca-líp	ca-lip1
vni	ca-lo	ca-lo
vni	ca-lô	ca-lo6
vni	ca-me-ra	ca-me-ra
vni	ca-men	ca-men
vni	ca-mê-ra	ca-me6-ra
vni	ca-mi-nhông	ca-mi-nho6ng
vni	ca-mi-ông	ca-mi-o6ng
vni	ca-na-pê	ca-na-pe6
vni	ca-níp	ca-nip1
vni	ca-nô	ca-no6
vni	ca-nông	ca-no6ng
vni	ca-phê-in	ca-phe6-in
vni	ca-pô	ca-po6
vni	ca-pốt	ca-po6t1
vni	ca-ra	ca-ra
vni	ca-ra-te	ca-ra-te
vni	ca-rê	ca-re6
vni	ca-ri	ca-ri
vni	ca-rô	ca-ro6
vni	ca-rô-ten	ca-ro6-ten
vni	ca-sê	ca-se6
vni	ca-sô	ca-so6
vni	ca-ta-lô	ca-ta-lo6
vni	Ca-tang	^ca-tang
vni	ca-ti-on	ca-ti-on
vni	ca-ti-ôn	ca-ti-o6n
vni	ca-tốt	ca-to6t1
vni	ca-vát	ca-vat1
vni	ca-vét	ca-vet1
vni	cà	ca2
vni	cà-mèn	ca2-men2
vni	cà-phê	ca2-phe6
vni	cà-phê	ca2-phe6
vni	cà-rem	ca2-rem
vni	cà-ri	ca2-ri
vni	cà-rốt	ca2-ro6t1
vni	cà-rốt	ca2-ro6t1
vni	cà-vạt	ca2-vat5
vni	cả	ca3
vni	cá	ca1
vni	cạ	ca5
vni	cabin	cabin
vni	các	cac1
vni	các-bin	cac1-bin
vni	các-bo-nát	cac1-bo-nat1
vni	các-bon	cac1-bon
vni	các-bon-nát	cac1-bon-nat1
vni	các-bon-ních	cac1-bon-nich1
vni	các-bua	cac1-bua
vni	các-táp	cac1-tap1
vni	các-ten	cac1-ten
vni	các-tông	cac1-to6ng
vni	các-tơ	cac1-to7
vni	các-vi-dít	cac1-vi-dit1
vni	các-xtơ	cac1-xto7
vni	cạc	cac5
vni	cacao	cacao
vni	cacbin	cacbin
vni	cacbon	cacbon
vni	cacbonat	cacbonat
vni	cacbua	cacbua
vni	cách	cach1
vni	cạch	cach5
vni	cacten	cacten
vni	cactông	cacto6ng
vni	cadmium	cadmium
vni	cafein	cafein
vni	cafê	cafe6
vni	cai	cai
vni	cài	cai2
vni	cải	cai3
vni	cãi	cai4
vni	cái	cai1
vni	cal	cal
vni	calcium	calcium
vni	calib	calib
vni	calo	calo
vni	calô	calo6
vni	cam	cam
vni	cam-nhông	cam-nho6ng
vni	càm	cam2
vni	cảm	cam3
vni	cám	cam1
vni	cạm	cam5
vni	camera	camera
vni	camnhông	camnho6ng
vni	can	can
vni	can-đê-la	can-d9e6-la
vni	can-đơ-la	can-d9o7-la
vni	can-ke	can-ke
vni	can-kê	can-ke6
vni	Can-tua	^can-tua
vni	can-xi	can-xi
vni	càn	can2
vni	cản	can3
vni	cán	can1
vni	cạn	can5
vni	candela	candela
vni	càng	cang2
vni	cảng	cang3
vni	cáng	cang1
vni	canh	canh
vni	canh-ki-na	canh-ki-na
vni	cành	canh2
vni	cảnh	canh3
vni	cánh	canh1
vni	cạnh	canh5
vni	canhkina	canhkina
vni	canke	canke
vni	canon	canon
vni	canô	cano6
vni	canông	cano6ng
vni	canxi	canxi
vni	cao	cao
vni	Cao	^cao
vni	cao-bồi	cao-bo6i2
vni	cao-đài	cao-d9ai2
vni	cao-lanh	cao-lanh
vni	cao-su	cao-su
vni	cào	cao2
vni	cảo	cao3
vni	cáo	cao1
vni	cạo	cao5
vni	caolanh	caolanh
vni	caosu	caosu
vni	cáp	cap1
vni	cạp	cap5
vni	cara	cara
vni	carate	carate
vni	carbin	carbin
vni	carbon	carbon
vni	carbonat	carbonat
vni	carbur	carbur
vni	cari	cari
vni	carô	caro6
vni	cartel	cartel
vni	casino	casino
vni	casset	casset
vni	cát	cat1
vni	cát-két	cat1-ket1
vni	cát-mi	cat1-mi
vni	cát-sê	cat1-se6
vni	cát-xét	cat1-xet1
vni	catalô	catalo6
vni	cathod	cathod
vni	cation	cation
vni	catket	catket
vni	catôt	cato6t
vni	catsê	catse6
vni	catxet	catxet
vni	cau	cau
vni	cáu	cau1
vni	cạu	cau5
vni	cavat	cavat
vni	cave	cave
vni	cay	cay
vni	cày	cay2
vni	Cày	^cay2
vni	cáy	cay1
vni	cạy	cay5
vni	cắc	ca8c1
vni	cắc-tê	ca8c1-te6
vni	cặc	ca8c5
vni	căm	ca8m
vni	cằm	ca8m2
vni	cắm	ca8m1
vni	cặm	ca8m5
vni	căn	ca8n
vni	căn-tin	ca8n-tin
vni	cằn	ca8n2
vni	cắn	ca8n1
vni	cặn	ca8n5
vni	căng	ca8ng
vni	căng-tin	ca8ng-tin
vni	cẳng	ca8ng3
vni	cẵng	ca8ng4
vni	cắng	ca8ng1
vni	căngtin	ca8ngtin
vni	cắp	ca8p1
vni	cặp	ca8p5
vni	cắt	ca8t1
vni	cấc	ca6c1
vni	câm	ca6m
vni	cầm	ca6m2
vni	cẩm	ca6m3
vni	cấm	ca6m1
vni	cân	ca6n
vni	cần	ca6n2
vni	cẩn	ca6n3
vni	cấn	ca6n1
vni	cận	ca6n5
vni	câng	ca6ng
vni	cẫng	ca6ng4
vni	cấp	ca6p1
vni	cập	ca6p5
vni	cất	ca6t1
vni	cật	ca6t5
vni	câu	ca6u
vni	câu-rút	ca6u-rut1
vni	cầu	ca6u2
vni	cẩu	ca6u3
vni	cấu	ca6u1
vni	cậu	ca6u5
vni	cây	ca6y
vni	cầy	ca6y2
vni	cấy	ca6y1
vni	cậy	ca6y5
vni	CC	^c^c
vni	cc	cc
vni	Cd	^cd
vni	CD	^c^d
vni	CD-ROM	^c^d-^r^o^m
vni	cedi	cedi
vni	cello	cello
vni	cellulos	cellulos
vni	Celsius	^celsius
vni	cen-ti-mét	cen-ti-met1
vni	centi-	centi-
vni	CH	^c^h
vni	cha	cha
vni	Cha-cú	^cha-cu1
vni	chà	cha2
vni	chả	cha3
vni	chạ	cha5
vni	chác	chac1
vni	chạc	chac5
vni	chách	chach1
vni	chạch	chach5
vni	chai	chai
vni	chài	chai2
vni	chải	chai3
vni	chái	chai1
vni	chàm	cham2
vni	Chàm	^cham2
vni	chạm	cham5
vni	chan	chan
vni	chán	chan1
vni	chạn	chan5
vni	chang	chang
vni	chàng	chang2
vni	chạng	chang5
vni	chanh	chanh
vni	chành	chanh2
vni	chánh	chanh1
vni	chạnh	chanh5
vni	chao	chao
vni	chào	chao2
vni	chảo	chao3
vni	chão	chao4
vni	cháo	chao1
vni	chạo	chao5
vni	chạp	chap5
vni	chát	chat1
vni	chạt	chat5
vni	chau	chau
vni	chảu	chau3
vni	cháu	chau1
vni	chay	chay
vni	chày	chay2
vni	chảy	chay3
vni	cháy	chay1
vni	chạy	chay5
vni	chắc	cha8c1
vni	chặc	cha8c5
vni	chăm	cha8m
vni	Chăm	^cha8m
vni	Chăm-rê	^cha8m-re6
vni	chằm	cha8m2
vni	chắm	cha8m1
vni	chặm	cha8m5
vni	chăn	cha8n
vni	chằn	cha8n2
vni	chẵn	cha8n4
vni	chắn	cha8n1
vni	chặn	cha8n5
vni	chăng	cha8ng
vni	chằng	cha8ng2
vni	chẳng	cha8ng3
vni	chặng	cha8ng5
vni	chắp	cha8p1
vni	chặp	cha8p5
vni	chắt	cha8t1
vni	chặt	cha8t5
vni	chậc	cha6c5
vni	châm	cha6m
vni	chầm	cha6m2
vni	chẩm	cha6m3
vni	chấm	cha6m1
vni	chậm	cha6m5
vni	chân	cha6n
vni	chần	cha6n2
vni	chẩn	cha6n3
vni	chấn	cha6n1
vni	chận	cha6n5
vni	chấp	cha6p1
vni	chập	cha6p5
vni	chất	cha6t1
vni	chật	cha6t5
vni	châu	cha6u
vni	Châu	^cha6u
vni	Châu-ro	^cha6u-ro
vni	chầu	cha6u2
vni	chẩu	cha6u3
vni	chấu	cha6u1
vni	chậu	cha6u5
vni	chây	cha6y
vni	chầy	cha6y2
vni	chấy	cha6y1
vni	chậy	cha6y5
vni	CHDC	^c^h^d^c
vni	che	che
vni	chè	che2
vni	chẻ	che3
vni	chẽ	che4
vni	ché	che1
vni	chém	chem1
vni	chen	chen
vni	chèn	chen2
vni	chẽn	chen4
vni	chén	chen1
vni	chẹn	chen5
vni	cheo	cheo
vni	chèo	cheo2
vni	chẻo	cheo3
vni	chéo	cheo1
vni	chép	chep1
vni	chét	chet1
vni	chẹt	chet5
vni	chê	che6
vni	chế	che61
vni	chếch	che6ch1
vni	chệch	che6ch5
vni	chêm	che6m
vni	chênh	che6nh
vni	chếp	che6p1
vni	chết	che6t1
vni	chệt	che6t5
vni	chi	chi
vni	chi-hua-hua	chi-hua-hua
vni	chì	chi2
vni	chỉ	chi3
vni	chí	chi1
vni	Chí-phèo	^chi1-pheo2
vni	chị	chi5
vni	chia	chia
vni	chìa	chia2
vni	chĩa	chia4
vni	chía	chia1
vni	chích	chich1
vni	chiếc	chie6c1
vni	chiệc	chie6c5
vni	chiêm	chie6m
vni	chiếm	chie6m1
vni	chiên	chie6n
vni	chiền	chie6n2
vni	chiến	chie6n1
vni	chiêng	chie6ng
vni	chiềng	chie6ng2
vni	chiếng	chie6ng1
vni	chiếp	chie6p1
vni	chiết	chie6t1
vni	chiêu	chie6u
vni	chiều	chie6u2
vni	chiểu	chie6u3
vni	chiếu	chie6u1
vni	Chil	^chil
vni	chim	chim
vni	chìm	chim2
vni	chỉn	chin3
vni	chín	chin1
vni	chịn	chin5
vni	chình	chinh2
vni	chỉnh	chinh3
vni	chĩnh	chinh4
vni	chính	chinh1
vni	chíp	chip1
vni	chít	chit1
vni	chịt	chit5
vni	chíu	chiu1
vni	chịu	chiu5
vni	chlor	chlor
vni	chlorat	chlorat
vni	chlorur	chlorur
vni	cho	cho
vni	chò	cho2
vni	chỏ	cho3
vni	Chỏ	^cho3
vni	chõ	cho4
vni	chó	cho1
vni	chọ	cho5
vni	choa	choa
vni	choá	choa1
vni	choác	choac1
vni	choạc	choac5
vni	choai	choai
vni	choài	choai2
vni	choãi	choai4
vni	choái	choai1
vni	choại	choai5
vni	choán	choan1
vni	choang	choang
vni	choàng	choang2
vni	choảng	choang3
vni	choáng	choang1
vni	choạng	choang5
vni	choắt	choa8t1
vni	chóc	choc1
vni	chọc	choc5
vni	choé	choe1
vni	choẹ	choe5
vni	choèn	choen2
vni	choẹt	choet5
vni	chòi	choi2
vni	chỏi	choi3
vni	chói	choi1
vni	chọi	choi5
vni	Chom	^chom
vni	chòm	chom2
vni	chỏm	chom3
vni	chõm	chom4
vni	chọn	chon5
vni	chong	chong
vni	chòng	chong2
vni	chỏng	chong3
vni	chõng	chong4
vni	chóng	chong1
vni	choòng	choong2
vni	chóp	chop1
vni	chót	chot1
vni	chồ	cho62
vni	chỗ	cho64
vni	chộ	cho65
vni	chốc	cho6c1
vni	chồi	cho6i2
vni	chổi	cho6i3
vni	chỗi	cho6i4
vni	chối	cho6i1
vni	chôm	cho6m
vni	chồm	cho6m2
vni	chôn	cho6n
vni	chồn	cho6n2
vni	chốn	cho6n1
vni	chông	cho6ng
vni	chồng	cho6ng2
vni	chổng	cho6ng3
vni	chống	cho6ng1
vni	chốp	cho6p1
vni	chộp	cho6p5
vni	chốt	cho6t1
vni	chột	cho6t5
vni	Chơ-rai	^cho7-rai
vni	Chơ-ro	^cho7-ro
vni	Chơ-ru	^cho7-ru
vni	chờ	cho72
vni	Chờ	^cho72
vni	chở	cho73
vni	chớ	cho71
vni	chợ	cho75
vni	chơi	cho7i
vni	chờm	cho7m2
vni	chớm	cho7m1
vni	chơn	cho7n
vni	chờn	cho7n2
vni	chớn	cho7n1
vni	chợn	cho7n5
vni	chớp	cho7p1
vni	chợp	cho7p5
vni	chợt	cho7t5
vni	chrom	chrom
vni	chu	chu
vni	Chu-ru	^chu-ru
vni	chù	chu2
vni	Chù	^chu2
vni	chủ	chu3
vni	chú	chu1
vni	chua	chua
vni	chùa	chua2
vni	chúa	chua1
vni	chuẩn	chua6n3
vni	chúc	chuc1
vni	chục	chuc5
vni	chui	chui
vni	chùi	chui2
vni	chũi	chui4
vni	chúi	chui1
vni	chum	chum
vni	chùm	chum2
vni	chủm	chum3
vni	chũm	chum4
vni	chúm	chum1
vni	chụm	chum5
vni	chun	chun
vni	chùn	chun2
vni	chủn	chun3
vni	chung	chung
vni	chùng	chung2
vni	chủng	chung3
vni	chúng	chung1
vni	chuốc	chuo6c1
vni	chuộc	chuo6c5
vni	chuôi	chuo6i
vni	chuồi	chuo6i2
vni	chuỗi	chuo6i4
vni	chuối	chuo6i1
vni	chuội	chuo6i5
vni	chuôm	chuo6m
vni	chuồn	chuo6n2
vni	chuông	chuo6ng
vni	chuồng	chuo6ng2
vni	chuộng	chuo6ng5
vni	chuốt	chuo6t1
vni	chuột	chuo6t5
vni	chụp	chup5
vni	chút	chut1
vni	chụt	chut5
vni	chùy	chuy2
vni	chuỳ	chuy2
vni	chuyên	chuye6n
vni	chuyền	chuye6n2
vni	chuyển	chuye6n3
vni	chuyến	chuye6n1
vni	chuyện	chuye6n5
vni	chư	chu7
vni	chừ	chu72
vni	chữ	chu74
vni	chứ	chu71
vni	chưa	chu7a
vni	chừa	chu7a2
vni	chửa	chu7a3
vni	chữa	chu7a4
vni	chứa	chu7a1
vni	chức	chu7c1
vni	chực	chu7c5
vni	chửi	chu7i3
vni	chưn	chu7n
vni	chưng	chu7ng
vni	chừng	chu7ng2
vni	chửng	chu7ng3
vni	chững	chu7ng4
vni	chứng	chu7ng1
vni	chựng	chu7ng5
vni	chước	chu7o7c1
vni	chưởi	chu7o7i3
vni	chườm	chu7o7m2
vni	chương	chu7o7ng
vni	chương-đài	chu7o7ng-d9ai2
vni	chường	chu7o7ng2
vni	chưởng	chu7o7ng3
vni	chướng	chu7o7ng1
vni	chượp	chu7o7p5
vni	Chứt	^chu7t1
vni	CHXHCN	^c^h^x^h^c^n
vni	CIF	^c^i^f
vni	Cl	^cl
vni	cla-ri-nét	cla-ri-net1
vni	cla-vét	cla-vet1
vni	clanh-ke	clanh-ke
vni	clarinet	clarinet
vni	CLB	^c^l^b
vni	clê-a-rin	cle6-a-rin
vni	cli-sê	cli-se6
vni	clin-ke	clin-ke
vni	clinke	clinke
vni	clinker	clinker
vni	clo	clo
vni	clo-rát	clo-rat1
vni	clo-rua	clo-rua
vni	clorat	clorat
vni	clorua	clorua
vni	cm	cm
vni	CM	^c^m
vni	CN	^c^n
vni	CNTB	^c^n^t^b
vni	CNXH	^c^n^x^h
vni	co	co
vni	Co	^co
vni	co-ban	co-ban
vni	co-lo-phan	co-lo-phan
vni	co-sin	co-sin
vni	co-tang	co-tang
vni	cò	co2
vni	cò-mi	co2-mi
vni	cỏ	co3
vni	cỏ-vê	co3-ve6
vni	có	co1
vni	cọ	co5
vni	cobalt	cobalt
vni	cóc	coc1
vni	cọc	coc5
vni	coca	coca
vni	cocain	cocain
vni	coctison	coctison
vni	codein	codein
vni	coi	coi
vni	còi	coi2
vni	cõi	coi4
vni	cói	coi1
vni	Col	^col
vni	cologa	cologa
vni	cologarit	cologarit
vni	colon	colon
vni	colophan	colophan
vni	com-bi-ne-dông	com-bi-ne-do6ng
vni	com-bin	com-bin
vni	com-bờ-lê	com-bo72-le6
vni	com-lê	com-le6
vni	com-măng	com-ma8ng
vni	com-măng-ca	com-ma8ng-ca
vni	com-măng-đô	com-ma8ng-d9o6
vni	com-mi	com-mi
vni	com-mít-xi-ông	com-mit1-xi-o6ng
vni	com-mốt	com-mo6t1
vni	com-pa	com-pa
vni	com-pa-nhi	com-pa-nhi
vni	com-pắc	com-pa8c1
vni	com-plê	com-ple6
vni	com-pô	com-po6
vni	com-pô-dít	com-po6-dit1
vni	com-pu-tơ	com-pu-to7
vni	còm	com2
vni	còm-mi	com2-mi
vni	comlê	comle6
vni	commando	commando
vni	commăng	comma8ng
vni	commăng-ca	comma8ng-ca
vni	compa	compa
vni	computer	computer
vni	con	con
vni	Con-kde	^con-kde
vni	con-léc-xi-ông	con-lec1-xi-o6ng
vni	còn	con2
vni	cỏn	con3
vni	cọn	con5
vni	concerto	concerto
vni	confetti	confetti
vni	cong	cong
vni	cong-tờ-gút	cong-to72-gut1
vni	còng	cong2
vni	cỏng	cong3
vni	cõng	cong4
vni	cóng	cong1
vni	cọng	cong5
vni	consol	consol
vni	consortium	consortium
vni	contac	contac
vni	container	container
vni	continum	continum
vni	contrabass	contrabass
vni	conxecto	conxecto
vni	conxoocxiom	conxoocxiom
vni	coóc-nê	cooc1-ne6
vni	coóc-ti-don	cooc1-ti-don
vni	coóc-ti-dôn	cooc1-ti-do6n
vni	coóc-xê	cooc1-xe6
vni	cóp	cop1
vni	cọp	cop5
vni	cọp-dê	cop5-de6
vni	copfa	copfa
vni	Cor	^cor
vni	cordoba	cordoba
vni	cortison	cortison
vni	cos	cos
vni	cosin	cosin
vni	cot	cot
vni	cót	cot1
vni	cọt	cot5
vni	cota	cota
vni	cotang	cotang
vni	cotton	cotton
vni	coulomb	coulomb
vni	cô	co6
vni	cô-ban	co6-ban
vni	cô-ca	co6-ca
vni	cô-ca-in	co6-ca-in
vni	cô-đê-in	co6-d9e6-in
vni	cô-le	co6-le
vni	cô-li	co6-li
vni	cô-lô-nhần	co6-lo6-nha6n2
vni	cô-lô-phan	co6-lo6-phan
vni	cô-lôn	co6-lo6n
vni	cô-nhắc	co6-nha8c1
vni	cô-pếch	co6-pe6ch1
vni	cô-sin	co6-sin
vni	cô-sông	co6-so6ng
vni	cô-ta	co6-ta
vni	cô-tang	co6-tang
vni	cô-ti-dê	co6-ti-de6
vni	cô-tông	co6-to6ng
vni	cô-ve	co6-ve
vni	cồ	co62
vni	cổ	co63
vni	cổ-dề	co63-de62
vni	cỗ	co64
vni	cố	co61
vni	cộ	co65
vni	cốc	co6c1
vni	cốc-tai	co6c1-tai
vni	cốc-tay	co6c1-tay
vni	cộc	co6c5
vni	côi	co6i
vni	cổi	co6i3
vni	cỗi	co6i4
vni	cối	co6i1
vni	cội	co6i5
vni	côm	co6m
vni	cốm	co6m1
vni	cộm	co6m5
vni	côn	co6n
vni	cồn	co6n2
vni	Cồn	^co6n2
vni	cốn	co6n1
vni	cộn	co6n5
vni	công	co6ng
vni	công-bát	co6ng-bat1
vni	công-bạt	co6ng-bat5
vni	công-cua	co6ng-cua
vni	công-phét-ti	co6ng-phet1-ti
vni	công-pho	co6ng-pho
vni	công-quy-răng	co6ng-quy-ra8ng
vni	công-ta	co6ng-ta
vni	công-tắc	co6ng-ta8c1
vni	công-te-nơ	co6ng-te-no7
vni	công-toa	co6ng-toa
vni	công-tôn	co6ng-to6n
vni	công-tơ	co6ng-to7
vni	công-tơ-rơ-bát	co6ng-to7-ro7-bat1
vni	công-voa	co6ng-voa
vni	công-xây	co6ng-xa6y
vni	công-xéc-tô	co6ng-xec1-to6
vni	công-xi	co6ng-xi
vni	công-xinh	co6ng-xinh
vni	công-xon	co6ng-xon
vni	công-xôn	co6ng-xo6n
vni	cồng	co6ng2
vni	cổng	co6ng3
vni	cống	co6ng1
vni	Cống	^co6ng1
vni	cộng	co6ng5
vni	côngtắc	co6ngta8c1
vni	côngtenơ	co6ngteno7
vni	côngtơ	co6ngto7
vni	côngxectô	co6ngxecto6
vni	côngxon	co6ngxon
vni	cốp	co6p1
vni	cốp-pha	co6p1-pha
vni	cộp	co6p5
vni	côsin	co6sin
vni	cốt	co6t1
vni	cốt-lét	co6t1-let1
vni	cốt-nhát	co6t1-nhat1
vni	cốt-nhắc	co6t1-nha8c1
vni	cốt-pha	co6t1-pha
vni	cốt-phát	co6t1-phat1
vni	cột	co6t5
vni	côtang	co6tang
vni	côtông	co6to6ng
vni	cơ	co7
vni	Cơ-don	^co7-don
vni	Cơ-ho	^co7-ho
vni	cơ-lanh-ke	co7-lanh-ke
vni	cơ-lê	co7-le6
vni	Cơ-tu	^co7-tu
vni	cờ	co72
vni	cờ-lê	co72-le6
vni	cờ-lếp	co72-le6p1
vni	cờ-ra-vát	co72-ra-vat1
vni	cờ-rếp	co72-re6p1
vni	cỡ	co74
vni	cớ	co71
vni	cơi	co7i
vni	cời	co7i2
vni	cởi	co7i3
vni	cỡi	co7i4
vni	cơlê	co7le6
vni	cơm	co7m
vni	cớm	co7m1
vni	cơn	co7n
vni	cỡn	co7n4
vni	cớn	co7n1
vni	cợn	co7n5
vni	cợp	co7p5
vni	cợt	co7t5
vni	CPU	^c^p^u
vni	Cr	^cr
vni	cra-vat	cra-vat
vni	crêp	cre6p
vni	crếp	cre6p1
vni	crom	crom
vni	crô-mít	cro6-mit1
vni	crôm	cro6m
vni	cru-da-đô	cru-da-d9o6
vni	CS	^c^s
vni	Cty	^cty
vni	cu	cu
vni	Cu	^cu
vni	cu-li	cu-li
vni	cu-lit	cu-lit
vni	cu-lít	cu-lit1
vni	cu-lông	cu-lo6ng
vni	cu-pông	cu-po6ng
vni	cu-roa	cu-roa
vni	cu-ron	cu-ron
vni	cu-soong	cu-soong
vni	cù	cu2
vni	củ	cu3
vni	cũ	cu4
vni	cú	cu1
vni	cụ	cu5
vni	cua	cua
vni	cua-roa	cua-roa
vni	cua-ron	cua-ron
vni	cua-rơ	cua-ro7
vni	Cùa	^cua2
vni	của	cua3
vni	cúa	cua1
vni	cuaroa	cuaroa
vni	cuarơ	cuaro7
vni	cúc	cuc1
vni	cục	cuc5
vni	cùi	cui2
vni	cùi-dìa	cui2-dia2
vni	củi	cui3
vni	cũi	cui4
vni	cúi	cui1
vni	Cul	^cul
vni	culi	culi
vni	culit	culit
vni	culon	culon
vni	culong	culong
vni	culông	culo6ng
vni	cum	cum
vni	cùm	cum2
vni	cúm	cum1
vni	cụm	cum5
vni	cun	cun
vni	cùn	cun2
vni	củn	cun3
vni	cún	cun1
vni	cung	cung
vni	cùng	cung2
vni	củng	cung3
vni	cũng	cung4
vni	cúng	cung1
vni	cụng	cung5
vni	cuốc	cuo6c1
vni	cuộc	cuo6c5
vni	cuối	cuo6i1
vni	Cuối	^cuo6i1
vni	cuội	cuo6i5
vni	Cuội	^cuo6i5
vni	cuỗm	cuo6m4
vni	cuồn	cuo6n2
vni	cuốn	cuo6n1
vni	cuộn	cuo6n5
vni	cuông	cuo6ng
vni	cuồng	cuo6ng2
vni	cuống	cuo6ng1
vni	cuộng	cuo6ng5
vni	cúp	cup1
vni	cụp	cup5
vni	Cur	^cur
vni	curoa	curoa
vni	cút	cut1
vni	cút-lít	cut1-lit1
vni	cụt	cut5
vni	cư	cu7
vni	cừ	cu72
vni	cử	cu73
vni	cữ	cu74
vni	cứ	cu71
vni	cự	cu75
vni	cưa	cu7a
vni	cửa	cu7a3
vni	cứa	cu7a1
vni	cựa	cu7a5
vni	cực	cu7c5
vni	cửi	cu7i3
vni	cưng	cu7ng
vni	cửng	cu7ng3
vni	cứng	cu7ng1
vni	cước	cu7o7c1
vni	cược	cu7o7c5
vni	cười	cu7o7i2
vni	cưỡi	cu7o7i4
vni	cưới	cu7o7i1
vni	cườm	cu7o7m2
vni	cương	cu7o7ng
vni	cường	cu7o7ng2
vni	cưỡng	cu7o7ng4
vni	cướp	cu7o7p1
vni	cứt	cu7t1
vni	cưu	cu7u
vni	cừu	cu7u2
vni	cửu	cu7u3
vni	cữu	cu7u4
vni	cứu	cu7u1
vni	cựu	cu7u5
vni	CY	^c^y
vni	cybernetic	cybernetic
vni	d	d
vni	D	^d
vni	da	da
vni	dà	da2
vni	dã	da4
vni	dá	da1
vni	dạ	da5
vni	Dạ	^da5
vni	dác	dac1
vni	dạc	dac5
vni	dai	dai
vni	dài	dai2
vni	dải	dai3
vni	dãi	dai4
vni	dái	dai1
vni	dại	dai5
vni	dalasi	dalasi
vni	dam	dam
vni	dàm	dam2
vni	dám	dam1
vni	dạm	dam5
vni	dan	dan
vni	dàn	dan2
vni	dãn	dan4
vni	dán	dan1
vni	dạn	dan5
vni	dang	dang
vni	dàng	dang2
vni	dáng	dang1
vni	dạng	dang5
vni	danh	danh
vni	dành	danh2
vni	dảnh	danh3
vni	dao	dao
vni	dào	dao2
vni	dạo	dao5
vni	dát	dat1
vni	dạt	dat5
vni	dàu	dau2
vni	day	day
vni	dày	day2
vni	dảy	day3
vni	dãy	day4
vni	dáy	day1
vni	dạy	day5
vni	dăm	da8m
vni	dằm	da8m2
vni	dắm	da8m1
vni	dặm	da8m5
vni	dăn	da8n
vni	dằn	da8n2
vni	dặn	da8n5
vni	dăng	da8ng
vni	dẳng	da8ng3
vni	Dẳng	^da8ng3
vni	dặng	da8ng5
vni	dắt	da8t1
vni	dặt	da8t5
vni	dâm	da6m
vni	dầm	da6m2
vni	dẫm	da6m4
vni	dấm	da6m1
vni	dậm	da6m5
vni	dân	da6n
vni	dần	da6n2
vni	dẫn	da6n4
vni	dấn	da6n1
vni	dận	da6n5
vni	dâng	da6ng
vni	dấp	da6p1
vni	dập	da6p5
vni	dâu	da6u
vni	dầu	da6u2
vni	dẩu	da6u3
vni	dẫu	da6u4
vni	dấu	da6u1
vni	dậu	da6u5
vni	dây	da6y
vni	dầy	da6y2
vni	dẫy	da6y4
vni	dấy	da6y1
vni	dậy	da6y5
vni	de	de
vni	de	de
vni	dè	de2
vni	dẻ	de3
vni	dẽ	de4
vni	dé	de1
vni	deca	deca
vni	deci	deci
vni	decibel	decibel
vni	delta	delta
vni	dém	dem1
vni	den	den
vni	denar	denar
vni	deo	deo
vni	dẻo	deo3
vni	dép	dep1
vni	dẹp	dep5
vni	derô	dero6
vni	dẹt	det5
vni	dê	de6
vni	dê-rô	de6-ro6
vni	dể	de63
vni	dễ	de64
vni	dế	de61
vni	dệ	de65
vni	dếch	de6ch1
vni	dệch	de6ch5
vni	dên	de6n
vni	dền	de6n2
vni	dện	de6n5
vni	dềnh	de6nh2
vni	dêrô	de6ro6
vni	dết	de6t1
vni	dệt	de6t5
vni	Dgieh	^dgieh
vni	di	di
vni	Di	^di
vni	Di-đà	^di-d9a2
vni	dì	di2
vni	dỉ	di3
vni	dị	di5
vni	dĩa	dia4
vni	dicdăc	dicda8c
vni	dích	dich1
vni	dích-dắc	dich1-da8c1
vni	dích-lơ	dich1-lo7
vni	dịch	dich5
vni	diesel	diesel
vni	diếc	die6c1
vni	diệc	die6c5
vni	diêm	die6m
vni	diềm	die6m2
vni	diễn	die6n4
vni	diện	die6n5
vni	diếp	die6p1
vni	diệp	die6p5
vni	diệt	die6t5
vni	diều	die6u2
vni	diễu	die6u4
vni	diệu	die6u5
vni	dim	dim
vni	dìm	dim2
vni	dím	dim1
vni	din	din
vni	dĩn	din4
vni	dinar	dinar
vni	dinh	dinh
vni	dinh-tê	dinh-te6
vni	dính	dinh1
vni	diod	diod
vni	dioptr	dioptr
vni	díp	dip1
vni	dịp	dip5
vni	dirham	dirham
vni	dịt	dit5
vni	dìu	diu2
vni	díu	diu1
vni	dịu	diu5
vni	do	do
vni	dò	do2
vni	dó	do1
vni	dọ	do5
vni	doa	doa
vni	dóa	doa1
vni	doá	doa1
vni	dọa	doa5
vni	doạ	doa5
vni	doãi	doai4
vni	doan	doan
vni	doãn	doan4
vni	doàng	doang2
vni	doãng	doang4
vni	doạng	doang5
vni	doanh	doanh
vni	doành	doanh2
vni	dobra	dobra
vni	dóc	doc1
vni	dọc	doc5
vni	doi	doi
vni	dòi	doi2
vni	dõi	doi4
vni	dọi	doi5
vni	dol	dol
vni	dollar	dollar
vni	dom	dom
vni	dòm	dom2
vni	dỏm	dom3
vni	dóm	dom1
vni	domino	domino
vni	don	don
vni	dón	don1
vni	dọn	don5
vni	dong	dong
vni	dòng	dong2
vni	dỏng	dong3
vni	dõng	dong4
vni	dóng	dong1
vni	dọng	dong5
vni	dọp	dop5
vni	doping	doping
vni	dót	dot1
vni	dô	do6
vni	dô-kề	do6-ke62
vni	dồ	do62
vni	dỗ	do64
vni	dốc	do6c1
vni	dôi	do6i
vni	dồi	do6i2
vni	dỗi	do6i4
vni	dối	do6i1
vni	dội	do6i5
vni	dổm	do6m3
vni	dồn	do6n2
vni	dông	do6ng
vni	dộng	do6ng5
vni	dộp	do6p5
vni	dốt	do6t1
vni	dột	do6t5
vni	dơ	do7
vni	dở	do73
vni	dỡ	do74
vni	dơi	do7i
vni	dời	do7i2
vni	dởm	do7m3
vni	dợm	do7m5
vni	dơn	do7n
vni	dớn	do7n1
vni	dợn	do7n5
vni	dớp	do7p1
vni	drachma	drachma
vni	dram	dram
vni	du	du
vni	dù	du2
vni	dụ	du5
vni	dùa	dua2
vni	dũa	dua4
vni	dục	duc5
vni	duềnh	due6nh2
vni	dùi	dui2
vni	dũi	dui4
vni	dúi	dui1
vni	dụi	dui5
vni	dúm	dum1
vni	dụm	dum5
vni	dumdum	dumdum
vni	dun	dun
vni	dùn	dun2
vni	dún	dun1
vni	dung	dung
vni	dùng	dung2
vni	dũng	dung4
vni	dúng	dung1
vni	dụng	dung5
vni	duốc	duo6c1
vni	duộc	duo6c5
vni	duỗi	duo6i4
vni	duối	duo6i1
vni	Duồn	^duo6n2
vni	dura	dura
vni	duralumin	duralumin
vni	dụt	dut5
vni	duy	duy
vni	duyên	duye6n
vni	duyệt	duye6t5
vni	dư	du7
vni	dừ	du72
vni	dử	du73
vni	dữ	du74
vni	dứ	du71
vni	dự	du75
vni	dưa	du7a
vni	dừa	du7a2
vni	dứa	du7a1
vni	dựa	du7a5
vni	dức	du7c1
vni	dưng	du7ng
vni	dừng	du7ng2
vni	dửng	du7ng3
vni	dứng	du7ng1
vni	dựng	du7ng5
vni	dược	du7o7c5
vni	dưới	du7o7i1
vni	dướn	du7o7n1
vni	dương	du7o7ng
vni	dường	du7o7ng2
vni	dưỡng	du7o7ng4
vni	dướng	du7o7ng1
vni	dượng	du7o7ng5
vni	dượt	du7o7t5
vni	dứt	du7t1
vni	dyn	dyn
vni	dynamit	dynamit
vni	dynamo	dynamo
vni	đ	d9
vni	đa	d9a
vni	đà	d9a2
vni	đả	d9a3
vni	đã	d9a4
vni	đá	d9a1
vni	đạc	d9ac5
vni	đách	d9ach1
vni	đai	d9ai
vni	đài	d9ai2
vni	đãi	d9ai4
vni	đái	d9ai1
vni	đại	d9ai5
vni	Đại-dương-châu	^d9ai5-du7o7ng-cha6u
vni	đam	d9am
vni	đàm	d9am2
vni	đảm	d9am3
vni	đám	d9am1
vni	đạm	d9am5
vni	đan	d9an
vni	đàn	d9an2
vni	đản	d9an3
vni	đạn	d9an5
vni	đang	d9ang
vni	đàng	d9ang2
vni	đảng	d9ang3
vni	đáng	d9ang1
vni	đanh	d9anh
vni	đành	d9anh2
vni	đánh	d9anh1
vni	đao	d9ao
vni	đào	d9ao2
vni	đảo	d9ao3
vni	đáo	d9ao1
vni	đạo	d9ao5
vni	đáp	d9ap1
vni	đạp	d9ap5
vni	đát	d9at1
vni	đạt	d9at5
vni	đau	d9au
vni	đay	d9ay
vni	đày	d9ay2
vni	đãy	d9ay4
vni	đáy	d9ay1
vni	đặc	d9a8c5
vni	đăm	d9a8m
vni	đằm	d9a8m2
vni	đẵm	d9a8m4
vni	đắm	d9a8m1
vni	đặm	d9a8m5
vni	đằn	d9a8n2
vni	đẵn	d9a8n4
vni	đặn	d9a8n5
vni	đăng	d9a8ng
vni	đăng-ten	d9a8ng-ten
vni	đằng	d9a8ng2
vni	đẳng	d9a8ng3
vni	đẵng	d9a8ng4
vni	đắng	d9a8ng1
vni	đặng	d9a8ng5
vni	đăngten	d9a8ngten
vni	đắp	d9a8p1
vni	đắt	d9a8t1
vni	đặt	d9a8t5
vni	đâm	d9a6m
vni	đầm	d9a6m2
vni	đẫm	d9a6m4
vni	đấm	d9a6m1
vni	đậm	d9a6m5
vni	đần	d9a6n2
vni	đẫn	d9a6n4
vni	đận	d9a6n5
vni	đấng	d9a6ng1
vni	đập	d9a6p5
vni	đất	d9a6t1
vni	đâu	d9a6u
vni	đầu	d9a6u2
vni	đẩu	d9a6u3
vni	đấu	d9a6u1
vni	đậu	d9a6u5
vni	đây	d9a6y
vni	đầy	d9a6y2
vni	đẩy	d9a6y3
vni	đẫy	d9a6y4
vni	đấy	d9a6y1
vni	đậy	d9a6y5
vni	đe	d9e
vni	đè	d9e2
vni	đẻ	d9e3
vni	đé	d9e1
vni	đeca-	d9eca-
vni	đem	d9em
vni	đen	d9en
vni	đen-ta	d9en-ta
vni	đèn	d9en2
vni	đẹn	d9en5
vni	đenta	d9enta
vni	đeo	d9eo
vni	đèo	d9eo2
vni	đẽo	d9eo4
vni	đéo	d9eo1
vni	đẹp	d9ep5
vni	đét	d9et1
vni	đét-xe	d9et1-xe
vni	đẹt	d9et5
vni	đexi-	d9exi-
vni	đexiben	d9exiben
vni	đê	d9e6
vni	đê-ca	d9e6-ca
vni	đê-xi	d9e6-xi
vni	đê-xi-ben	d9e6-xi-ben
vni	đề	d9e62
vni	đề-bô	d9e62-bo6
vni	đề-ca	d9e62-ca
vni	đề-can	d9e62-can
vni	đề-ma-rơ	d9e62-ma-ro7
vni	đề-mác	d9e62-mac1
vni	đề-mốt-đê	d9e62-mo6t1-d9e6
vni	đề-pa	d9e62-pa
vni	đề-pô	d9e62-po6
vni	đề-sạc	d9e62-sac5
vni	đề-xi-ben	d9e62-xi-ben
vni	đề-xi-la	d9e62-xi-la
vni	đề-xi-mét	d9e62-xi-met1
vni	để	d9e63
vni	đễ	d9e64
vni	đế	d9e61
vni	đệ	d9e65
vni	đếch	d9e6ch1
vni	đêm	d9e6m
vni	đếm	d9e6m1
vni	đệm	d9e6m5
vni	đền	d9e6n2
vni	đến	d9e6n1
vni	đệp	d9e6p5
vni	đều	d9e6u2
vni	đểu	d9e6u3
vni	đi	d9i
vni	đi-ê-den	d9i-e6-den
vni	đi-ê-zen	d9i-e6-zen
vni	đi-na	d9i-na
vni	đi-na-mít	d9i-na-mit1
vni	đi-na-mô	d9i-na-mo6
vni	đi-ốp	d9i-o6p1
vni	đi-ốt	d9i-o6t1
vni	đi-văng	d9i-va8ng
vni	đì	d9i2
vni	đĩ	d9i4
vni	đia-phram	d9ia-phram
vni	đìa	d9ia2
vni	đỉa	d9ia3
vni	đĩa	d9ia4
vni	đía	d9ia1
vni	địa	d9ia5
vni	đích	d9ich1
vni	địch	d9ich5
vni	điezen	d9iezen
vni	điếc	d9ie6c1
vni	điềm	d9ie6m2
vni	điểm	d9ie6m3
vni	điếm	d9ie6m1
vni	điên	d9ie6n
vni	điền	d9ie6n2
vni	điển	d9ie6n3
vni	điện	d9ie6n5
vni	điếng	d9ie6ng1
vni	điệp	d9ie6p5
vni	điêu	d9ie6u
vni	điều	d9ie6u2
vni	điếu	d9ie6u1
vni	điệu	d9ie6u5
vni	Đin	^d9in
vni	đin	d9in
vni	đinamit	d9inamit
vni	đinamo	d9inamo
vni	đinh	d9inh
vni	đình	d9inh2
vni	đỉnh	d9inh3
vni	đĩnh	d9inh4
vni	đính	d9inh1
vni	định	d9inh5
vni	điop	d9iop
vni	điot	d9iot
vni	Đip	^d9ip
vni	đíp-lôm	d9ip1-lo6m
vni	đít	d9it1
vni	đít-cua	d9it1-cua
vni	địt	d9it5
vni	đìu	d9iu2
vni	địu	d9iu5
vni	đivăng	d9iva8ng
vni	ĐKZ	^d9^k^z
vni	đo	d9o
vni	đò	d9o2
vni	đỏ	d9o3
vni	đõ	d9o4
vni	đó	d9o1
vni	đọ	d9o5
vni	đoá	d9oa1
vni	đóa	d9oa1
vni	đọa	d9oa5
vni	đoạ	d9oa5
vni	đoác	d9oac1
vni	đoài	d9oai2
vni	đoái	d9oai1
vni	đoan	d9oan
vni	đoàn	d9oan2
vni	đoản	d9oan3
vni	đoán	d9oan1
vni	đoạn	d9oan5
vni	đoàng	d9oang2
vni	đoảng	d9oang3
vni	đoành	d9oanh2
vni	đoạt	d9oat5
vni	đóc	d9oc1
vni	đọc	d9oc5
vni	đoi	d9oi
vni	đòi	d9oi2
vni	đỏi	d9oi3
vni	đói	d9oi1
vni	đọi	d9oi5
vni	đom	d9om
vni	đòm	d9om2
vni	đỏm	d9om3
vni	đóm	d9om1
vni	đon	d9on
vni	đòn	d9on2
vni	đón	d9on1
vni	đọn	d9on5
vni	đong	d9ong
vni	đòng	d9ong2
vni	đỏng	d9ong3
vni	đóng	d9ong1
vni	đọng	d9ong5
vni	đót	d9ot1
vni	đọt	d9ot5
vni	đô	d9o6
vni	đô-la	d9o6-la
vni	đô-mi-nô	d9o6-mi-no6
vni	đô-ping	d9o6-ping
vni	đồ	d9o62
vni	đổ	d9o63
vni	đỗ	d9o64
vni	đố	d9o61
vni	độ	d9o65
vni	đốc	d9o6c1
vni	đốc-tờ	d9o6c1-to72
vni	độc	d9o6c5
vni	đôi	d9o6i
vni	đồi	d9o6i2
vni	đổi	d9o6i3
vni	đỗi	d9o6i4
vni	đối	d9o6i1
vni	đội	d9o6i5
vni	đôla	d9o6la
vni	đốm	d9o6m1
vni	đôminô	d9o6mino6
vni	đôn	d9o6n
vni	đồn	d9o6n2
vni	đốn	d9o6n1
vni	độn	d9o6n5
vni	đông	d9o6ng
vni	đông-bắc	d9o6ng-ba8c1
vni	Đông-dương	^d9o6ng-du7o7ng
vni	đông-nam	d9o6ng-nam
vni	Đông-phương	^d9o6ng-phu7o7ng
vni	đồng	d9o6ng2
vni	đổng	d9o6ng3
vni	đống	d9o6ng1
vni	động	d9o6ng5
vni	đốp	d9o6p1
vni	độp	d9o6p5
vni	đốt	d9o6t1
vni	đốt-xi-ê	d9o6t1-xi-e6
vni	đột	d9o6t5
vni	đơ	d9o7
vni	Đơ-ro	^d9o7-ro
vni	đờ	d9o72
vni	đờ-măng	d9o72-ma8ng
vni	đờ-mi	d9o72-mi
vni	đờ-o	d9o72-o
vni	đỡ	d9o74
vni	đớ	d9o71
vni	đợ	d9o75
vni	đời	d9o7i2
vni	đới	d9o7i1
vni	đợi	d9o7i5
vni	đơm	d9o7m
vni	đờm	d9o7m2
vni	đởm	d9o7m3
vni	đơn	d9o7n
vni	đờn	d9o7n2
vni	đớn	d9o7n1
vni	đớp	d9o7p1
vni	đợp	d9o7p5
vni	đớt	d9o7t1
vni	đợt	d9o7t5
vni	ĐT	^d9^t
vni	đu	d9u
vni	đu-ra	d9u-ra
vni	đù	d9u2
vni	đủ	d9u3
vni	đú	d9u1
vni	đụ	d9u5
vni	đua	d9ua
vni	đùa	d9ua2
vni	đũa	d9ua4
vni	đúc	d9uc1
vni	đục	d9uc5
vni	đuềnh	d9ue6nh2
vni	đui	d9ui
vni	đùi	d9ui2
vni	đũi	d9ui4
vni	đụi	d9ui5
vni	đum-đum	d9um-d9um
vni	đùm	d9um2
vni	đúm	d9um1
vni	đumđum	d9umd9um
vni	đun	d9un
vni	đùn	d9un2
vni	đụn	d9un5
vni	đùng	d9ung2
vni	đũng	d9ung4
vni	đúng	d9ung1
vni	đụng	d9ung5
vni	đuốc	d9uo6c1
vni	đuôi	d9uo6i
vni	đuổi	d9uo6i3
vni	đuối	d9uo6i1
vni	đuỗn	d9uo6n4
vni	đuông	d9uo6ng
vni	đuống	d9uo6ng1
vni	đúp	d9up1
vni	đúp-lê	d9up1-le6
vni	đụp	d9up5
vni	đura	d9ura
vni	đút	d9ut1
vni	đụt	d9ut5
vni	đuy-ra	d9uy-ra
vni	đuya-ra	d9uya-ra
vni	đuyra	d9uyra
vni	đừ	d9u72
vni	đứ	d9u71
vni	đưa	d9u7a
vni	đừa	d9u7a2
vni	đứa	d9u7a1
vni	đức	d9u7c1
vni	đực	d9u7c5
vni	đưng	d9u7ng
vni	đừng	d9u7ng2
vni	đứng	d9u7ng1
vni	đựng	d9u7ng5
vni	đước	d9u7o7c1
vni	được	d9u7o7c5
vni	đượm	d9u7o7m5
vni	đườn	d9u7o7n2
vni	đưỡn	d9u7o7n4
vni	đương	d9u7o7ng
vni	đường	d9u7o7ng2
vni	đứt	d9u7t1
vni	e	e
vni	e-bo-nít	e-bo-nit1
vni	e-léc-tron	e-lec1-tron
vni	e-lêc-tơ-ron	e-le6c-to7-ron
vni	e-líp	e-lip1
vni	e-mail	e-mail
vni	e-me-tin	e-me-tin
vni	e-mê-tin	e-me6-tin
vni	e-phe-đrin	e-phe-d9rin
vni	e-spe-ran-to	e-spe-ran-to
vni	e-ste	e-ste
vni	e-ti-len	e-ti-len
vni	e-xen-đô	e-xen-d9o6
vni	è	e2
vni	é	e1
vni	ẹ	e5
vni	ebonit	ebonit
vni	éc	ec1
vni	eke	eke
vni	electron	electron
vni	elip	elip
vni	em	em
vni	em-mê	em-me6
vni	ém	em1
vni	emetin	emetin
vni	en	en
vni	en-dim	en-dim
vni	en-líp	en-lip1
vni	en-tơ-ro-pi	en-to7-ro-pi
vni	en-tro-pi	en-tro-pi
vni	en-zim	en-zim
vni	én	en1
vni	eng	eng
vni	entropi	entropi
vni	enzim	enzim
vni	eo	eo
vni	ẻo	eo3
vni	ẹo	eo5
vni	ép	ep1
vni	ép-phê	ep1-phe6
vni	ép-xi-lon	ep1-xi-lon
vni	ẹp	ep5
vni	ephedrin	ephedrin
vni	epsilon	epsilon
vni	escudo	escudo
vni	esperanto	esperanto
vni	este	este
vni	ét	et1
vni	ét-coóc	et1-cooc1
vni	ét-xăng	et1-xa8ng
vni	ét-xe	et1-xe
vni	ét-xpê-răn-tô	et1-xpe6-ra8n-to6
vni	ét-xte	et1-xte
vni	ẹt	et5
vni	eta	eta
vni	ete	ete
vni	ethylen	ethylen
vni	eto	eto
vni	etxăng	etxa8ng
vni	etylen	etylen
vni	euro	euro
vni	ê	e6
vni	ê-bô-nit	e6-bo6-nit
vni	ê-bô-nít	e6-bo6-nit1
vni	ê-cu	e6-cu
vni	ê-đê	e6-d9e6
vni	ê-ke	e6-ke
vni	ê-kíp	e6-kip1
vni	ê-léc-tÒron	e6-lec1-t^oron2
vni	ê-léc-tron	e6-lec1-tron
vni	ê-lếch-tơ-rôn	e6-le6ch1-to7-ro6n
vni	ê-líp	e6-lip1
vni	ê-mê-tin	e6-me6-tin
vni	ê-mơ-rốt	e6-mo7-ro6t1
vni	ê-mun-xi	e6-mun-xi
vni	ê-phê-đrin	e6-phe6-d9rin
vni	ê-pông	e6-po6ng
vni	ê-rô-mi-xin	e6-ro6-mi-xin
vni	ê-săng-chi-ông	e6-sa8ng-chi-o6ng
vni	ê-spê-ran-tô	e6-spe6-ran-to6
vni	ê-ta	e6-ta
vni	ê-te	e6-te
vni	ê-ti-két	e6-ti-ket1
vni	ê-ti-len	e6-ti-len
vni	ê-tô	e6-to6
vni	ê-tuýt	e6-tuyt1
vni	ề	e62
vni	ế	e61
vni	ếch	e6ch1
vni	êcu	e6cu
vni	êđê-êga	e6d9e6-e6ga
vni	êke	e6ke
vni	êkip	e6kip
vni	êm	e6m
vni	ếm	e6m1
vni	ềnh	e6nh2
vni	ễnh	e6nh4
vni	ệnh	e6nh5
vni	êning	e6ning
vni	ếp	e6p1
vni	ệp	e6p5
vni	êpan	e6pan
vni	êta	e6ta
vni	êtô	e6to6
vni	êu	e6u
vni	f	f
vni	F	^f
vni	fa	fa
vni	fa-ra	fa-ra
vni	Fahrenheit	^fahrenheit
vni	fara	fara
vni	fax	fax
vni	Fe	^fe
vni	fe-rít	fe-rit1
vni	féc-mơ-tuya	fec1-mo7-tuya
vni	feldspat	feldspat
vni	fen-spat	fen-spat
vni	fenspat	fenspat
vni	ferit	ferit
vni	festival	festival
vni	fi-brô-xi-măng	fi-bro6-xi-ma8ng
vni	fibroximăng	fibroxima8ng
vni	fizê	fize6
vni	flo	flo
vni	flo-rin	flo-rin
vni	flo-rua	flo-rua
vni	florin	florin
vni	florua	florua
vni	fluor	fluor
vni	fluorur	fluorur
vni	fo-man-đe-hít	fo-man-d9e-hit1
vni	fo-man-đê-hít	fo-man-d9e6-hit1
vni	fo-mon	fo-mon
vni	fo-rin	fo-rin
vni	fo-xép	fo-xep1
vni	FOB	^f^o^b
vni	folklor	folklor
vni	fomanđehit	fomand9ehit
vni	fomol	fomol
vni	fon-clo	fon-clo
vni	foóc-môn	fooc1-mo6n
vni	foóc-xép	fooc1-xep1
vni	foocmica	foocmica
vni	foot	foot
vni	forceps	forceps
vni	forint	forint
vni	formaldehyd	formaldehyd
vni	format	format
vni	formica	formica
vni	formol	formol
vni	foxep	foxep
vni	franc	franc
vni	frăng	fra8ng
vni	fu-la	fu-la
vni	fuốc-sét	fuo6c1-set1
vni	fut	fut
vni	fuy	fuy
vni	g	g
vni	ga	ga
vni	ga-ba-đin	ga-ba-d9in
vni	ga-bác-đin	ga-bac1-d9in
vni	ga-la	ga-la
vni	ga-lăng	ga-la8ng
vni	ga-len	ga-len
vni	ga-li	ga-li
vni	ga-lon	ga-lon
vni	ga-lông	ga-lo6ng
vni	ga-lơ-ri	ga-lo7-ri
vni	ga-ma	ga-ma
vni	ga-men	ga-men
vni	ga-ra	ga-ra
vni	ga-răng-ti	ga-ra8ng-ti
vni	ga-rô	ga-ro6
vni	ga-tô	ga-to6
vni	ga-tuýt	ga-tuyt1
vni	ga-zô-lin	ga-zo6-lin
vni	gà	ga2
vni	gà-mèn	ga2-men2
vni	gả	ga3
vni	gã	ga4
vni	gá	ga1
vni	gạ	ga5
vni	gabađin	gabad9in
vni	gác	gac1
vni	gác-dan	gac1-dan
vni	gác-dang	gac1-dang
vni	gác-đa-vu	gac1-d9a-vu
vni	gác-đê-nan	gac1-d9e6-nan
vni	gác-điêng	gac1-d9ie6ng
vni	gác-đờ-bu	gac1-d9o72-bu
vni	gác-đờ-co	gac1-d9o72-co
vni	gác-đờ-sen	gac1-d9o72-sen
vni	gác-măng-dê	gac1-ma8ng-de6
vni	gác-xon-nê	gac1-xon-ne6
vni	gạc	gac5
vni	gacđiêng	gacd9ie6ng
vni	gạch	gach5
vni	gai	gai
vni	gài	gai2
vni	gãi	gai4
vni	gái	gai1
vni	gại	gai5
vni	gala	gala
vni	galăng	gala8ng
vni	galen	galen
vni	gallery	gallery
vni	gallon	gallon
vni	gam	gam
vni	gam-ma	gam-ma
vni	gamen	gamen
vni	gamma	gamma
vni	gan	gan
vni	gàn	gan2
vni	gán	gan1
vni	gạn	gan5
vni	gang	gang
vni	gàng	gang2
vni	gangster	gangster
vni	ganh	ganh
vni	gành	ganh2
vni	gảnh	ganh3
vni	gánh	ganh1
vni	gạnh	ganh5
vni	gào	gao2
vni	gáo	gao1
vni	gạo	gao5
vni	Gar	^gar
vni	gara	gara
vni	garô	garo6
vni	gas	gas
vni	gạt	gat5
vni	gatô	gato6
vni	gàu	gau2
vni	gay	gay
vni	gày	gay2
vni	gảy	gay3
vni	gãy	gay4
vni	gáy	gay1
vni	gạy	gay5
vni	gặc	ga8c5
vni	găm	ga8m
vni	gằm	ga8m2
vni	gắm	ga8m1
vni	gặm	ga8m5
vni	gằn	ga8n2
vni	gắn	ga8n1
vni	găng	ga8ng
vni	găng-tơ	ga8ng-to7
vni	găng-xte	ga8ng-xte
vni	găng-xtơ	ga8ng-xto7
vni	gắng	ga8ng1
vni	gặng	ga8ng5
vni	găngxtơ	ga8ngxto7
vni	gắp	ga8p1
vni	gặp	ga8p5
vni	gắt	ga8t1
vni	gặt	ga8t5
vni	gấc	ga6c1
vni	gầm	ga6m2
vni	gẫm	ga6m4
vni	gấm	ga6m1
vni	gậm	ga6m5
vni	gân	ga6n
vni	gần	ga6n2
vni	gấp	ga6p1
vni	gập	ga6p5
vni	gật	ga6t5
vni	gâu	ga6u
vni	gầu	ga6u2
vni	gẫu	ga6u4
vni	gấu	ga6u1
vni	gây	ga6y
vni	gầy	ga6y2
vni	gẩy	ga6y3
vni	gẫy	ga6y4
vni	gấy	ga6y1
vni	gậy	ga6y5
vni	GDP	^g^d^p
vni	Ge	^ge
vni	ge-la-tin	ge-la-tin
vni	ge-ma-ni	ge-ma-ni
vni	gelatin	gelatin
vni	gemani	gemani
vni	gen	gen
vni	germanium	germanium
vni	ghe	ghe
vni	ghè	ghe2
vni	ghẻ	ghe3
vni	ghẽ	ghe4
vni	ghé	ghe1
vni	ghẹ	ghe5
vni	ghém	ghem1
vni	ghen	ghen
vni	ghèn	ghen2
vni	ghẹo	gheo5
vni	ghép	ghep1
vni	ghét	ghet1
vni	ghê	ghe6
vni	ghế	ghe61
vni	ghếch	ghe6ch1
vni	ghệch	ghe6ch5
vni	ghềnh	ghe6nh2
vni	ghểnh	ghe6nh3
vni	ghễnh	ghe6nh4
vni	ghệt	ghe6t5
vni	ghi	ghi
vni	ghi-đông	ghi-d9o6ng
vni	ghi-sê	ghi-se6
vni	ghi-ta	ghi-ta
vni	ghì	ghi2
vni	ghiđông	ghid9o6ng
vni	ghiền	ghie6n2
vni	ghim	ghim
vni	ghìm	ghim2
vni	ghin-de	ghin-de
vni	ghín	ghin1
vni	ghính	ghinh1
vni	ghít	ghit1
vni	ghịt	ghit5
vni	ghita	ghita
vni	gi-lê	gi-le6
vni	gì	gi2
vni	gỉ	gi3
vni	gí	gi1
vni	gia	gia
vni	gia-két	gia-ket1
vni	Gia-rai	^gia-rai
vni	gia-ven	gia-ven
vni	già	gia2
vni	giả	gia3
vni	giã	gia4
vni	giá	gia1
vni	giạ	gia5
vni	giác	giac1
vni	giai	giai
vni	giải	giai3
vni	giãi	giai4
vni	giại	giai5
vni	giam	giam
vni	giảm	giam3
vni	giám	giam1
vni	giạm	giam5
vni	gian	gian
vni	giàn	gian2
vni	giản	gian3
vni	giãn	gian4
vni	gián	gian1
vni	giang	giang
vni	giàng	giang2
vni	giảng	giang3
vni	giáng	giang1
vni	giạng	giang5
vni	gianh	gianh
vni	giành	gianh2
vni	giảnh	gianh3
vni	giao	giao
vni	giào	giao2
vni	giảo	giao3
vni	giáo	giao1
vni	giáp	giap1
vni	giát	giat1
vni	giạt	giat5
vni	giàu	giau2
vni	giảu	giau3
vni	giày	giay2
vni	giãy	giay4
vni	Giáy	^giay1
vni	giắc	gia8c1
vni	giặc	gia8c5
vni	giăm	gia8m
vni	giăm-bông	gia8m-bo6ng
vni	giằm	gia8m2
vni	giẵm	gia8m4
vni	giặm	gia8m5
vni	giămbông	gia8mbo6ng
vni	giằn	gia8n2
vni	giăng	gia8ng
vni	giằng	gia8ng2
vni	giắt	gia8t1
vni	giặt	gia8t5
vni	giấc	gia6c1
vni	giâm	gia6m
vni	giầm	gia6m2
vni	giẫm	gia6m4
vni	giấm	gia6m1
vni	giậm	gia6m5
vni	giần	gia6n2
vni	giấn	gia6n1
vni	giận	gia6n5
vni	giấp	gia6p1
vni	giập	gia6p5
vni	giật	gia6t5
vni	giầu	gia6u2
vni	giấu	gia6u1
vni	giậu	gia6u5
vni	giây	gia6y
vni	giầy	gia6y2
vni	giẫy	gia6y4
vni	giấy	gia6y1
vni	gic-lơ	gic-lo7
vni	gie	gie
vni	giẻ	gie3
vni	Giẻ-triêng	^gie3-trie6ng
vni	gié	gie1
vni	Gié	^gie1
vni	gièm	giem2
vni	gien	gien
vni	gieo	gieo
vni	giẹo	gieo5
vni	giẹp	giep5
vni	giếc	gie6c1
vni	giền	gie6n2
vni	giêng	gie6ng
vni	giềng	gie6ng2
vni	giếng	gie6ng1
vni	giết	gie6t1
vni	giễu	gie6u4
vni	gilê	gile6
vni	gìm	gim2
vni	gin	gin
vni	gìn	gin2
vni	gio	gio
vni	giò	gio2
vni	giỏ	gio3
vni	gió	gio1
vni	gioàng	gioang2
vni	gioăng	gioa8ng
vni	gióc	gioc1
vni	gioi	gioi
vni	giòi	gioi2
vni	giỏi	gioi3
vni	giọi	gioi5
vni	giòn	gion2
vni	gión	gion1
vni	giong	giong
vni	giỏng	giong3
vni	gióng	giong1
vni	giọng	giong5
vni	gioong	gioong
vni	giọt	giot5
vni	giô	gio6
vni	giồ	gio62
vni	giỗ	gio64
vni	giộ	gio65
vni	giốc	gio6c1
vni	giồi	gio6i2
vni	giổi	gio6i3
vni	giỗi	gio6i4
vni	giối	gio6i1
vni	giội	gio6i5
vni	giôn	gio6n
vni	giông	gio6ng
vni	giồng	gio6ng2
vni	giống	gio6ng1
vni	giộp	gio6p5
vni	giơ	gio7
vni	Giơ-lâng	^gio7-la6ng
vni	Giơ-lơng	^gio7-lo7ng
vni	giơ-tông	gio7-to6ng
vni	giờ	gio72
vni	giở	gio73
vni	giời	gio7i2
vni	giới	gio7i1
vni	giờn	gio7n2
vni	giỡn	gio7n4
vni	gip	gip
vni	gíp	gip1
vni	giu	giu
vni	giu-đô	giu-d9o6
vni	giũ	giu4
vni	giú	giu1
vni	giua	giua
vni	giũa	giua4
vni	giục	giuc5
vni	giùi	giui2
vni	giủi	giui3
vni	giúi	giui1
vni	giụi	giui5
vni	giùm	gium2
vni	giun	giun
vni	giuộc	giuo6c5
vni	giúp	giup1
vni	giừ	giu72
vni	giữ	giu74
vni	giữa	giu7a4
vni	giương	giu7o7ng
vni	giường	giu7o7ng2
vni	giượng	giu7o7ng5
vni	giựt	giu7t5
vni	glaucom	glaucom
vni	gli-xe-rin	gli-xe-rin
vni	gli-xê-rin	gli-xe6-rin
vni	glixerin	glixerin
vni	glô-côm	glo6-co6m
vni	glôcôm	glo6co6m
vni	glu-cô	glu-co6
vni	glu-cô-da	glu-co6-da
vni	glu-cô-gien	glu-co6-gien
vni	glu-xit	glu-xit
vni	glu-xít	glu-xit1
vni	glucid	glucid
vni	gluco	gluco
vni	gluxit	gluxit
vni	glycerin	glycerin
vni	GMT	^g^m^t
vni	GNP	^g^n^p
vni	go	go
vni	go-tích	go-tich1
vni	gò	go2
vni	gõ	go4
vni	gọ	go5
vni	goá	goa1
vni	góa	goa1
vni	góc	goc1
vni	gỏi	goi3
vni	gói	goi1
vni	gọi	goi5
vni	golf	golf
vni	gom	gom
vni	gon	gon
vni	gòn	gon2
vni	gọn	gon5
vni	gọng	gong5
vni	goong	goong
vni	goòng	goong2
vni	góp	gop1
vni	gorilla	gorilla
vni	gót	got1
vni	gọt	got5
vni	gothic	gothic
vni	gourde	gourde
vni	gô	go6
vni	gô-đê	go6-d9e6
vni	gô-ri	go6-ri
vni	gô-ri-la	go6-ri-la
vni	gô-tích	go6-tich1
vni	gồ	go62
vni	gỗ	go64
vni	gộ	go65
vni	gốc	go6c1
vni	gộc	go6c5
vni	gồi	go6i2
vni	gối	go6i1
vni	gội	go6i5
vni	gôm	go6m
vni	gồm	go6m2
vni	gốm	go6m1
vni	gôn	go6n
vni	gông	go6ng
vni	gồng	go6ng2
vni	gộp	go6p5
vni	gôrila	go6rila
vni	gột	go6t5
vni	gơ	go7
vni	Gơ-lar	^go7-lar
vni	gơ-lu-xit	go7-lu-xit
vni	gờ	go72
vni	gờ-ram	go72-ram
vni	gở	go73
vni	gỡ	go74
vni	gởi	go7i3
vni	gợi	go7i5
vni	gờm	go7m2
vni	gớm	go7m1
vni	gơn-đờ-lu	go7n-d9o72-lu
vni	gợn	go7n5
vni	gợt	go7t5
vni	Gr	^gr
vni	gr	gr
vni	gra-ni-tô	gra-ni-to6
vni	gra-nít	gra-nit1
vni	gra-phít	gra-phit1
vni	gra-tuýt	gra-tuyt1
vni	gram	gram
vni	granit	granit
vni	granito	granito
vni	graphit	graphit
vni	grát	grat1
vni	GS	^g^s
vni	gu	gu
vni	gu-đrông	gu-d9ro6ng
vni	gu-giông	gu-gio6ng
vni	gù	gu2
vni	gụ	gu5
vni	guarani	guarani
vni	gục	guc5
vni	guđron	gud9ron
vni	gùi	gui2
vni	guilder	guilder
vni	guitar	guitar
vni	gùn	gun2
vni	guốc	guo6c1
vni	guồi	guo6i2
vni	guộn	guo6n5
vni	guồng	guo6ng2
vni	guột	guo6t5
vni	gút	gut1
vni	gụt	gut5
vni	gừ	gu72
vni	gửi	gu7i3
vni	gừng	gu7ng2
vni	gươm	gu7o7m
vni	gườm	gu7o7m2
vni	gượm	gu7o7m5
vni	gương	gu7o7ng
vni	gượng	gu7o7ng5
vni	h	h
vni	H	^h
vni	ha	ha
vni	ha-fi-ni	ha-fi-ni
vni	ha-lô-gien	ha-lo6-gien
vni	ha-lô-jen	ha-lo6-jen
vni	hà	ha2
vni	Hà-lăng	^ha2-la8ng
vni	hả	ha3
vni	há	ha1
vni	hạ	ha5
vni	Hạ	^ha5
vni	hác-pơ	hac1-po7
vni	hạc	hac5
vni	hách	hach1
vni	hạch	hach5
vni	hai	hai
vni	hài	hai2
vni	hãi	hai4
vni	hái	hai1
vni	hại	hai5
vni	halogen	halogen
vni	ham	ham
vni	hàm	ham2
vni	hãm	ham4
vni	hám	ham1
vni	hạm	ham5
vni	han	han
vni	hàn	han2
vni	hán	han1
vni	Hán	^han1
vni	hạn	han5
